month,year,distance,elevation,PointsScale,UciScale,ParcoursType,ProfileScore,RaceRanking,StartlistQuality,Classification,Category,Duration
5,2024,173,1309,2.PRO.Stage,UCI.WR.Pro.Stage,2,22,128,161,2.Pro,ME - Men Elite,14747
5,2024,184,1548,2.PRO.Stage,UCI.WR.Pro.Stage,2,33,128,161,2.Pro,ME - Men Elite,15625
5,2024,165,1275,2.PRO.Stage,UCI.WR.Pro.Stage,1,8,128,161,2.Pro,ME - Men Elite,13358
5,2024,167,649,2.PRO.Stage,UCI.WR.Pro.Stage,1,5,128,161,2.Pro,ME - Men Elite,12922
5,2024,179,2677,2.PRO.Stage,UCI.WR.Pro.Stage,3,78,128,161,2.Pro,ME - Men Elite,15871
5,2024,177,468,2.PRO.Stage,UCI.WR.Pro.Stage,1,2,128,161,2.Pro,ME - Men Elite,13864
9,2024,110,1825,F-2.2.Stage,UCI.WE.2.Stage,2,93,70,261,2.2,WE - Women Elite,10792
9,2024,112,1768,F-2.2.Stage,UCI.WE.2.Stage,2,80,70,261,2.2,WE - Women Elite,11280
6,2024,114,3403,F-1.1,UCI.WE.1,5,304,69,230,1.1,WE - Women Elite,14010
5,2024,128,846,2.2.Stage,UCI.WR.2.Stage,1,22,296,12,2.2,ME - Men Elite,9422
5,2024,143,2016,2.2.Stage,UCI.WR.2.Stage,2,121,296,12,2.2,ME - Men Elite,12085
5,2024,154,1868,2.2.Stage,UCI.WR.2.Stage,2,76,296,12,2.2,ME - Men Elite,12896
5,2024,149,1802,2.2.Stage,UCI.WR.2.Stage,2,64,296,12,2.2,ME - Men Elite,12344
5,2024,171,3954,2.2.Stage,UCI.WR.2.Stage,4,281,296,12,2.2,ME - Men Elite,16325
1,2024,149,686,2.1.Stage,UCI.WR.1.Stage,1,4,82,270,2.1,ME - Men Elite,11935
1,2024,199,1359,2.1.Stage,UCI.WR.1.Stage,3,25,82,270,2.1,ME - Men Elite,16924
2,2024,171,953,2.1.Stage,UCI.WR.1.Stage,1,5,82,270,2.1,ME - Men Elite,14392
2,2024,142,1023,2.1.Stage,UCI.WR.1.Stage,3,22,82,270,2.1,ME - Men Elite,11503
2,2024,150,1330,2.1.Stage,UCI.WR.1.Stage,2,107,82,270,2.1,ME - Men Elite,12277
1,2025,143,914,2.1.Stage,UCI.WR.1.Stage,2,16,93,232,2.1,ME - Men Elite,11421
1,2025,131,1869,2.1.Stage,UCI.WR.1.Stage,3,134,93,232,2.1,ME - Men Elite,11895
1,2025,181,974,2.1.Stage,UCI.WR.1.Stage,2,6,93,232,2.1,ME - Men Elite,15383
1,2025,141,1254,2.1.Stage,UCI.WR.1.Stage,2,97,93,232,2.1,ME - Men Elite,11386
2,2025,170,896,2.1.Stage,UCI.WR.1.Stage,2,7,93,232,2.1,ME - Men Elite,12720
4,2024,254,3290,1.WT.B,UCI.WR.C1,2,110,12,884,1.UWT,ME - Men Elite,21497
4,2024,101,1244,F-1.WWT,UCI.WE.WWT,2,63,8,1225,1.WWT,WE - Women Elite,9302
5,2024,178,183,1.1,UCI.WR.1,1,0,119,182,1.1,ME - Men Elite,14505
5,2024,140,136,F-1.1,UCI.WE.1,1,0,74,216,1.1,WE - Women Elite,12964
8,2024,155,2537,2.PRO.Stage,UCI.WR.Pro.Stage,2,165,116,188,2.Pro,ME - Men Elite,13412
8,2024,178,2871,2.PRO.Stage,UCI.WR.Pro.Stage,2,132,116,188,2.Pro,ME - Men Elite,14738
8,2024,156,2715,2.PRO.Stage,UCI.WR.Pro.Stage,3,167,116,188,2.Pro,ME - Men Elite,13915
8,2024,157,1880,2.PRO.Stage,UCI.WR.Pro.Stage,3,74,116,188,2.Pro,ME - Men Elite,11941
7,2024,138,227,F-1.1,UCI.WE.1,1,1,93,147,1.1,WE - Women Elite,11588
4,2024,151,131,1.2,UCI.WR.2,1,0,308,11,1.2,ME - Men Elite,9956
6,2024,12,136,2.PRO.Stage,UCI.WR.Pro.Stage,1,2,42,442,2.Pro,ME - Men Elite,804
6,2024,184,467,2.PRO.Stage,UCI.WR.Pro.Stage,1,2,42,442,2.Pro,ME - Men Elite,14362
6,2024,188,752,2.PRO.Stage,UCI.WR.Pro.Stage,2,13,42,442,2.Pro,ME - Men Elite,14780
6,2024,177,2749,2.PRO.Stage,UCI.WR.Pro.Stage,3,140,42,442,2.Pro,ME - Men Elite,15266
6,2024,186,1114,2.PRO.Stage,UCI.WR.Pro.Stage,1,8,42,442,2.Pro,ME - Men Elite,13911
7,2024,114,102,F-2.1.Stage,UCI.WE.1.Stage,1,0,51,381,2.1,WE - Women Elite,9801
7,2024,127,435,F-2.1.Stage,UCI.WE.1.Stage,1,3,51,381,2.1,WE - Women Elite,10973
7,2024,66,617,F-2.1.Stage,UCI.WE.1.Stage,1,11,51,381,2.1,WE - Women Elite,5332
7,2024,11,102,F-2.1.Stage,UCI.WE.1.Stage,1,4,51,381,2.1,WE - Women Elite,893
7,2024,117,139,F-2.1.Stage,UCI.WE.1.Stage,1,0,51,381,2.1,WE - Women Elite,9866
5,2024,79,94,F-1.2,UCI.WE.2,1,0,149,14,1.2,WE - Women Elite,7460
9,2024,178,840,1.WT.B,UCI.WR.C2,2,32,28,703,1.UWT,ME - Men Elite,13189
8,2024,164,1624,2.WT.Stage,UCI.WR.C2.Stage,3,29,23,732,2.UWT,ME - Men Elite,13261
8,2024,15,106,2.WT.Stage,UCI.WR.C2.Stage,1,1,23,732,2.UWT,ME - Men Elite,1019
8,2024,186,377,2.WT.Stage,UCI.WR.C2.Stage,1,0,23,732,2.UWT,ME - Men Elite,14237
8,2024,179,337,2.WT.Stage,UCI.WR.C2.Stage,1,0,23,732,2.UWT,ME - Men Elite,13028
9,2024,203,2060,2.WT.Stage,UCI.WR.C2.Stage,3,81,23,732,2.UWT,ME - Men Elite,16256
4,2024,140,383,2.2.Stage,UCI.WR.2.Stage,1,1,308,11,2.2,ME - Men Elite,11305
4,2024,149,2110,2.2.Stage,UCI.WR.2.Stage,3,100,308,11,2.2,ME - Men Elite,12587
4,2024,180,3614,2.2.Stage,UCI.WR.2.Stage,5,242,308,11,2.2,ME - Men Elite,17539
4,2024,126,503,2.2.Stage,UCI.WR.2.Stage,1,5,308,11,2.2,ME - Men Elite,9672
10,2024,199,1932,1.1,UCI.WR.1,2,31,45,434,1.1,ME - Men Elite,16062
10,2024,117,1066,F-1.1,UCI.WE.1,2,22,41,509,1.1,WE - Women Elite,10411
7,2024,70,618,,UCI.WR.Ncup.Stage,2,20,NULL,NULL,2.Ncup,WJ - Women Juniors,6050
7,2024,77,936,,UCI.WR.Ncup.Stage,3,69,NULL,NULL,2.Ncup,WJ - Women Juniors,7484
5,2024,168,1678,2.PRO.Stage,UCI.WR.Pro.Stage,1,30,86,241,2.Pro,ME - Men Elite,13709
5,2024,209,3284,2.PRO.Stage,UCI.WR.Pro.Stage,2,118,86,241,2.Pro,ME - Men Elite,18237
5,2024,169,1504,2.PRO.Stage,UCI.WR.Pro.Stage,1,26,86,241,2.Pro,ME - Men Elite,13195
5,2024,181,2702,1.1,UCI.WR.1,3,92,131,156,1.1,ME - Men Elite,15293
3,2024,201,851,1.PRO,UCI.WR.Pro,1,14,100,223,1.Pro,ME - Men Elite,17191
8,2024,260,3539,1.WT.B,UCI.WR.C2,2,112,25,710,1.UWT,ME - Men Elite,22176
5,2024,19,165,F-2.1.Stage,UCI.WE.1.Stage,1,10,73,219,2.1,WE - Women Elite,1504
5,2024,138,1598,F-2.1.Stage,UCI.WE.1.Stage,2,36,73,219,2.1,WE - Women Elite,13023
5,2024,136,1617,F-2.1.Stage,UCI.WE.1.Stage,2,36,73,219,2.1,WE - Women Elite,12330
6,2024,218,2024,1.PRO,UCI.WR.Pro,1,38,58,331,1.Pro,ME - Men Elite,17607
2,2025,184,1692,1.WT.B,UCI.WR.C3,2,86,83,266,1.UWT,ME - Men Elite,15970
2,2025,184,1692,1.WT.B,UCI.WR.C3,2,86,83,266,1.UWT,ME - Men Elite,14383
3,2024,197,1754,1.1,UCI.WR.1,2,36,172,83,1.1,ME - Men Elite,15723
10,2024,45,322,1.1,UCI.WR.1,1,4,187,49,1.1,ME - Men Elite,3117
4,2024,165,1267,2.2.Stage,UCI.WR.2.Stage,1,23,190,34,2.2,ME - Men Elite,13902
4,2024,168,2002,2.2.Stage,UCI.WR.2.Stage,3,73,190,34,2.2,ME - Men Elite,14755
4,2024,146,2550,2.2.Stage,UCI.WR.2.Stage,3,172,190,34,2.2,ME - Men Elite,13090
4,2024,164,2303,2.2.Stage,UCI.WR.2.Stage,2,110,190,34,2.2,ME - Men Elite,14125
5,2024,184,1983,1.1,UCI.WR.1,3,51,129,157,1.1,ME - Men Elite,14769
5,2024,191,2169,1.PRO,UCI.WR.Pro,3,91,79,264,1.Pro,ME - Men Elite,16672
8,2024,173,2132,1.1,UCI.WR.1,3,117,133,159,1.1,ME - Men Elite,15081
5,2024,180,305,1.2,UCI.WR.2,1,0,369,5,1.2,ME - Men Elite,13765
8,2024,236,4435,1.WT.B,UCI.WR.C2,2,235,26,709,1.UWT,ME - Men Elite,20772
2,2024,192,1733,1.PRO,UCI.WR.Pro,2,31,48,376,1.Pro,ME - Men Elite,15089
2,2025,189,1730,1.PRO,UCI.WR.Pro,2,31,121,179,1.Pro,ME - Men Elite,15947
2,2024,192,1733,1.PRO,UCI.WR.Pro,2,31,48,376,1.Pro,ME - Men Elite,10984
1,2024,200,2033,1.1,UCI.WR.1,2,48,119,178,1.1,ME - Men Elite,16542
1,2025,184,2157,1.1,UCI.WR.1,2,134,69,310,1.1,ME - Men Elite,15993
3,2024,175,1619,1.2,UCI.WR.2,3,74,267,15,1.2,ME - Men Elite,14699
4,2024,171,2642,1.1,UCI.WR.1,3,178,119,183,1.1,ME - Men Elite,15001
3,2024,183,2452,1.1,UCI.WR.1,2,82,176,65,1.1,ME - Men Elite,15406
2,2024,184,2004,1.1,UCI.WR.1,3,145,110,196,1.1,ME - Men Elite,14983
10,2024,167,2890,1.1,UCI.WR.1,2,116,57,360,1.1,ME - Men Elite,14348
10,2024,174,1969,1.PRO,UCI.WR.Pro,2,82,35,601,1.Pro,ME - Men Elite,13810
6,2024,172,1720,1.2,UCI.WR.2U,2,91,338,8,1.2U,MU - Men U23,14637
9,2024,198,2750,1.PRO,UCI.WR.Pro,3,121,74,287,1.Pro,ME - Men Elite,17608
3,2024,183,306,1.2,UCI.WR.2,1,1,303,12,1.2,ME - Men Elite,14155
6,2024,173,1891,2.WT.Stage,UCI.WR.C1.Stage,2,40,18,779,2.UWT,ME - Men Elite,14490
6,2024,142,2499,2.WT.Stage,UCI.WR.C1.Stage,5,117,18,779,2.UWT,ME - Men Elite,12102
6,2024,182,2833,2.WT.Stage,UCI.WR.C1.Stage,5,110,18,779,2.UWT,ME - Men Elite,15738
6,2024,34,427,2.WT.Stage,UCI.WR.C1.Stage,2,19,18,779,2.UWT,ME - Men Elite,2509
6,2024,174,3439,2.WT.Stage,UCI.WR.C1.Stage,5,301,18,779,2.UWT,ME - Men Elite,15599
6,2024,155,4316,2.WT.Stage,UCI.WR.C1.Stage,5,393,18,779,2.UWT,ME - Men Elite,16156
6,2024,161,3751,2.WT.Stage,UCI.WR.C1.Stage,5,294,18,779,2.UWT,ME - Men Elite,15482
10,2024,163,2309,2.1.Stage,UCI.WR.1.Stage,2,66,98,222,2.1,ME - Men Elite,13982
10,2024,115,1010,2.1.Stage,UCI.WR.1.Stage,2,43,98,222,2.1,ME - Men Elite,8179
10,2024,90,1520,2.1.Stage,UCI.WR.1.Stage,2,75,98,222,2.1,ME - Men Elite,6443
10,2024,161,2990,2.1.Stage,UCI.WR.1.Stage,3,131,98,222,2.1,ME - Men Elite,14318
10,2024,101,1069,2.1.Stage,UCI.WR.1.Stage,1,47,98,222,2.1,ME - Men Elite,7944
10,2024,158,539,2.1.Stage,UCI.WR.1.Stage,1,5,98,222,2.1,ME - Men Elite,11767
8,2024,126,1098,2.2.Stage,UCI.WR.2.Stage,3,14,430,1,2.2,ME - Men Elite,9471
9,2024,134,1368,2.2.Stage,UCI.WR.2.Stage,3,29,430,1,2.2,ME - Men Elite,10293
8,2024,117,622,2.2.Stage,UCI.WR.2.Stage,2,14,306,12,2.2,ME - Men Elite,8237
8,2024,171,1964,2.2.Stage,UCI.WR.2.Stage,2,43,306,12,2.2,ME - Men Elite,13576
7,2024,151,1275,2.1.Stage,UCI.WR.1.Stage,2,32,101,219,2.1,ME - Men Elite,12625
7,2024,173,3312,2.1.Stage,UCI.WR.1.Stage,5,209,101,219,2.1,ME - Men Elite,15462
7,2024,135,2284,2.1.Stage,UCI.WR.1.Stage,5,214,101,219,2.1,ME - Men Elite,11837
7,2024,132,1779,2.1.Stage,UCI.WR.1.Stage,2,93,101,219,2.1,ME - Men Elite,10890
3,2024,127,778,F-1.PRO,UCI.WE.Pro,3,13,37,508,1.Pro,WE - Women Elite,11755
3,2024,127,778,F-1.PRO,UCI.WE.Pro,3,13,37,508,1.Pro,WE - Women Elite,11755
4,2024,135,1453,F-1.PRO,UCI.WE.Pro,3,58,26,724,1.Pro,WE - Women Elite,12378
4,2024,135,1453,F-1.PRO,UCI.WE.Pro,3,58,26,724,1.Pro,WE - Women Elite,12378
8,2024,176,2149,2.PRO.Stage,UCI.WR.Pro.Stage,2,79,60,341,2.Pro,ME - Men Elite,15377
8,2024,175,2582,2.PRO.Stage,UCI.WR.Pro.Stage,3,96,60,341,2.Pro,ME - Men Elite,15950
8,2024,211,3192,2.PRO.Stage,UCI.WR.Pro.Stage,2,94,60,341,2.Pro,ME - Men Elite,19077
8,2024,183,2565,2.PRO.Stage,UCI.WR.Pro.Stage,2,95,60,341,2.Pro,ME - Men Elite,15822
7,2024,168,303,2.2.Stage,UCI.WR.2.Stage,1,0,343,9,2.2,ME - Men Elite,13005
7,2024,166,520,2.2.Stage,UCI.WR.2.Stage,1,0,343,9,2.2,ME - Men Elite,12134
7,2024,167,562,2.2.Stage,UCI.WR.2.Stage,1,0,343,9,2.2,ME - Men Elite,12154
3,2024,128,149,F-1.1,UCI.WE.1,1,0,72,208,1.1,WE - Women Elite,10563
8,2024,206,2282,1.1,UCI.WR.1,2,85,118,183,1.1,ME - Men Elite,17193
6,2024,178,1132,1.PRO,UCI.WR.Pro,3,24,123,171,1.Pro,ME - Men Elite,14659
5,2024,113,1409,F-1.1,UCI.WE.1,2,105,41,464,1.1,WE - Women Elite,9956
6,2024,134,829,F-1.1,UCI.WE.1,2,6,74,211,1.1,WE - Women Elite,12130
6,2024,128,787,F-1.1,UCI.WE.1,3,18,47,423,1.1,WE - Women Elite,11810
3,2024,189,1498,1.WT.B,UCI.WR.C3,2,43,25,729,1.UWT,ME - Men Elite,14893
3,2024,114,1008,F-1.PRO,UCI.WE.Pro,2,36,21,964,1.Pro,WE - Women Elite,10328
10,2024,200,121,1.1,UCI.WR.1,1,0,152,123,1.1,ME - Men Elite,15039
4,2024,134,87,F-1.1,UCI.WE.1,1,0,96,114,1.1,WE - Women Elite,12535
4,2024,134,87,F-1.1,UCI.WE.1,1,0,96,114,1.1,WE - Women Elite,12535
5,2024,202,2939,1.WT.B,UCI.WR.C3,2,85,42,410,1.UWT,ME - Men Elite,17208
5,2024,129,1755,1.2,UCI.WR.2U,2,49,380,4,1.2U,MU - Men U23,11357
2,2024,164,2060,2.1.Stage,UCI.WR.1.Stage,3,82,90,245,2.1,ME - Men Elite,14230
2,2024,161,2326,2.1.Stage,UCI.WR.1.Stage,2,84,90,245,2.1,ME - Men Elite,13434
2,2024,158,1801,2.1.Stage,UCI.WR.1.Stage,3,56,90,245,2.1,ME - Men Elite,12512
2,2024,11,172,2.1.Stage,UCI.WR.1.Stage,3,23,90,245,2.1,ME - Men Elite,902
2,2025,159,521,2.1.Stage,UCI.WR.1.Stage,3,19,60,358,2.1,ME - Men Elite,12809
2,2025,166,1424,2.1.Stage,UCI.WR.1.Stage,2,35,60,358,2.1,ME - Men Elite,14274
2,2025,136,2074,2.1.Stage,UCI.WR.1.Stage,2,78,60,358,2.1,ME - Men Elite,8865
2,2025,119,1418,2.1.Stage,UCI.WR.1.Stage,3,124,60,358,2.1,ME - Men Elite,11193
2,2025,11,174,2.1.Stage,UCI.WR.1.Stage,3,23,60,358,2.1,ME - Men Elite,907
5,2024,200,375,1.1,UCI.WR.1,1,0,173,74,1.1,ME - Men Elite,14646
3,2024,155,207,F-1.WWT,UCI.WE.WWT,1,0,27,719,1.WWT,WE - Women Elite,13796
4,2024,195,2972,1.1,UCI.WR.1,2,98,143,135,1.1,ME - Men Elite,16743
2,2024,169,3080,1.PRO,UCI.WR.Pro,2,195,45,403,1.Pro,ME - Men Elite,15814
2,2024,189,2309,1.PRO,UCI.WR.Pro,3,125,50,368,1.Pro,ME - Men Elite,16893
2,2024,192,2245,1.PRO,UCI.WR.Pro,2,124,72,288,1.Pro,ME - Men Elite,17053
2,2025,193,2063,1.PRO,UCI.WR.Pro,2,101,67,314,1.Pro,ME - Men Elite,16547
5,2024,174,3500,1.2,UCI.WR.2,2,214,400,2,1.2,ME - Men Elite,16386
5,2024,86,1398,2.2.Stage,UCI.WR.2.Stage,2,61,258,16,2.2,ME - Men Elite,6950
5,2024,151,2003,2.2.Stage,UCI.WR.2.Stage,2,62,258,16,2.2,ME - Men Elite,12447
5,2024,127,2658,2.2.Stage,UCI.WR.2.Stage,3,205,258,16,2.2,ME - Men Elite,11838
5,2024,19,192,2.2.Stage,UCI.WR.2.Stage,1,6,258,16,2.2,ME - Men Elite,1367
5,2024,150,1136,2.2.Stage,UCI.WR.2.Stage,1,31,258,16,2.2,ME - Men Elite,11788
5,2024,198,1532,1.2,UCI.WR.2,2,26,324,9,1.2,ME - Men Elite,16594
3,2024,171,837,F-1.WWT,UCI.WE.WWT,2,31,11,1143,1.WWT,WE - Women Elite,15379
3,2024,171,837,F-1.WWT,UCI.WE.WWT,2,31,11,1143,1.WWT,WE - Women Elite,15379
4,2024,183,1344,1.2,UCI.WR.2U,2,32,259,16,1.2U,MU - Men U23,14848
3,2024,171,837,F-1.WWT,UCI.WE.WWT,2,31,11,1143,1.WWT,WE - Women Elite,15379
7,2024,41,1120,2.2.Stage,UCI.WR.2U.Stage,5,154,315,11,2.2U,MU - Men U23,4015
7,2024,128,2025,2.2.Stage,UCI.WR.2U.Stage,2,83,315,11,2.2U,MU - Men U23,11484
7,2024,130,3391,2.2.Stage,UCI.WR.2U.Stage,5,341,315,11,2.2U,MU - Men U23,13463
7,2024,163,3796,2.2.Stage,UCI.WR.2U.Stage,4,312,315,11,2.2U,MU - Men U23,16234
7,2024,96,2950,2.2.Stage,UCI.WR.2U.Stage,4,313,315,11,2.2U,MU - Men U23,10100
4,2024,161,2048,2.1.Stage,UCI.WR.1.Stage,1,53,132,154,2.1,ME - Men Elite,13121
4,2024,162,2308,2.1.Stage,UCI.WR.1.Stage,2,86,132,154,2.1,ME - Men Elite,14710
4,2024,163,3679,2.1.Stage,UCI.WR.1.Stage,5,279,132,154,2.1,ME - Men Elite,15380
4,2024,173,3408,2.1.Stage,UCI.WR.1.Stage,5,124,132,154,2.1,ME - Men Elite,15193
4,2024,168,2091,1.2,UCI.WR.2U,2,136,328,9,1.2U,MU - Men U23,14795
9,2024,177,112,2.2.Stage,UCI.WR.2.Stage,1,0,207,27,2.2,ME - Men Elite,13718
9,2024,142,2828,2.2.Stage,UCI.WR.2.Stage,3,278,207,27,2.2,ME - Men Elite,13520
9,2024,147,1498,2.2.Stage,UCI.WR.2.Stage,2,124,207,27,2.2,ME - Men Elite,11875
9,2024,160,1060,2.2.Stage,UCI.WR.2.Stage,2,59,207,27,2.2,ME - Men Elite,12451
4,2024,196,1518,1.1,UCI.WR.1,2,108,177,62,1.1,ME - Men Elite,16203
8,2024,110,521,F-2.2.Stage,UCI.WE.2.Stage,3,15,112,94,2.2,WE - Women Elite,9976
8,2024,117,483,F-2.2.Stage,UCI.WE.2.Stage,2,32,112,94,2.2,WE - Women Elite,10639
9,2024,129,1321,F-2.2.Stage,UCI.WE.2.Stage,3,80,112,94,2.2,WE - Women Elite,12681
10,2024,215,3412,1.PRO,UCI.WR.Pro,3,283,24,725,1.Pro,ME - Men Elite,18998
10,2024,114,617,F-1.PRO,UCI.WE.Pro,3,108,30,631,1.Pro,WE - Women Elite,10400
7,2024,175,1816,1.2,UCI.WR.2,2,115,363,7,1.2,ME - Men Elite,14600
10,2024,165,1727,1.PRO,UCI.WR.Pro,3,83,71,301,1.Pro,ME - Men Elite,13803
10,2024,255,4735,1.WT.A,UCI.WR.Monument,2,220,9,900,1.UWT,ME - Men Elite,22094
7,2024,16,115,F-2.WWT.Stage,UCI.WE.WWT.Stage,1,7,7,1224,2.WWT,WE - Women Elite,1237
7,2024,110,581,F-2.WWT.Stage,UCI.WE.WWT.Stage,1,14,7,1224,2.WWT,WE - Women Elite,9718
7,2024,113,1182,F-2.WWT.Stage,UCI.WE.WWT.Stage,3,85,7,1224,2.WWT,WE - Women Elite,10159
7,2024,134,1703,F-2.WWT.Stage,UCI.WE.WWT.Stage,3,116,7,1224,2.WWT,WE - Women Elite,12945
7,2024,108,1145,F-2.WWT.Stage,UCI.WE.WWT.Stage,2,26,7,1224,2.WWT,WE - Women Elite,9534
7,2024,159,2634,F-2.WWT.Stage,UCI.WE.WWT.Stage,3,127,7,1224,2.WWT,WE - Women Elite,15381
7,2024,120,3836,F-2.WWT.Stage,UCI.WE.WWT.Stage,5,373,7,1224,2.WWT,WE - Women Elite,15454
7,2024,117,2332,F-2.WWT.Stage,UCI.WE.WWT.Stage,5,97,7,1224,2.WWT,WE - Women Elite,11948
7,2024,16,115,F-2.WWT.Stage,UCI.WE.WWT.Stage,1,7,7,1224,2.WWT,WE - Women Elite,1237
7,2024,110,581,F-2.WWT.Stage,UCI.WE.WWT.Stage,1,14,7,1224,2.WWT,WE - Women Elite,9718
7,2024,113,1182,F-2.WWT.Stage,UCI.WE.WWT.Stage,3,85,7,1224,2.WWT,WE - Women Elite,10159
7,2024,134,1703,F-2.WWT.Stage,UCI.WE.WWT.Stage,3,116,7,1224,2.WWT,WE - Women Elite,12945
7,2024,108,1145,F-2.WWT.Stage,UCI.WE.WWT.Stage,2,26,7,1224,2.WWT,WE - Women Elite,9534
7,2024,159,2634,F-2.WWT.Stage,UCI.WE.WWT.Stage,3,127,7,1224,2.WWT,WE - Women Elite,15381
7,2024,120,3836,F-2.WWT.Stage,UCI.WE.WWT.Stage,5,373,7,1224,2.WWT,WE - Women Elite,15454
7,2024,117,2332,F-2.WWT.Stage,UCI.WE.WWT.Stage,5,97,7,1224,2.WWT,WE - Women Elite,11948
6,2024,105,1634,2.2.Stage,UCI.WR.2U.Stage,2,75,202,25,2.2U,MU - Men U23,8920
6,2024,134,3356,2.2.Stage,UCI.WR.2U.Stage,5,317,202,25,2.2U,MU - Men U23,13660
6,2024,139,992,2.2.Stage,UCI.WR.2U.Stage,2,28,202,25,2.2U,MU - Men U23,10963
6,2024,138,287,2.2.Stage,UCI.WR.2U.Stage,1,6,202,25,2.2U,MU - Men U23,10613
6,2024,172,3056,2.2.Stage,UCI.WR.2U.Stage,5,247,202,25,2.2U,MU - Men U23,15406
6,2024,182,1198,2.2.Stage,UCI.WR.2U.Stage,5,72,202,25,2.2U,MU - Men U23,14314
6,2024,137,2005,2.2.Stage,UCI.WR.2U.Stage,2,95,202,25,2.2U,MU - Men U23,11776
9,2024,196,1974,1.1,UCI.WR.1,1,25,63,331,1.1,ME - Men Elite,15434
2,2025,130,1607,1.2,UCI.WR.2,2,128,356,6,1.2,ME - Men Elite,11720
1,2024,174,2350,1.1,UCI.WR.1,2,79,123,167,1.1,ME - Men Elite,14987
1,2025,172,2374,1.1,UCI.WR.1,2,89,85,246,1.1,ME - Men Elite,14354
3,2024,150,2117,1.2,UCI.WR.2,2,98,233,20,1.2,ME - Men Elite,12883
8,2024,134,1572,1.2,UCI.WR.2,4,141,359,6,1.2,ME - Men Elite,11436
7,2024,134,1602,1.2,UCI.WR.2,3,56,365,6,1.2,ME - Men Elite,12382
5,2024,96,1408,F-1.1,UCI.WE.1,3,65,61,294,1.1,WE - Women Elite,9711
4,2024,104,1306,F-2.2.Stage,UCI.WE.2.Stage,3,57,114,67,2.2,WE - Women Elite,10200
4,2024,102,1697,F-2.2.Stage,UCI.WE.2.Stage,2,83,114,67,2.2,WE - Women Elite,9800
4,2024,14,19,F-2.2.Stage,UCI.WE.2.Stage,1,0,114,67,2.2,WE - Women Elite,1046
4,2024,72,352,F-2.2.Stage,UCI.WE.2.Stage,1,8,114,67,2.2,WE - Women Elite,6272
4,2024,102,766,F-2.2.Stage,UCI.WE.2.Stage,1,19,114,67,2.2,WE - Women Elite,9923
5,2024,198,3118,2.2.Stage,UCI.WR.2.Stage,4,114,213,23,2.2,ME - Men Elite,18437
5,2024,152,2112,2.2.Stage,UCI.WR.2.Stage,2,60,213,23,2.2,ME - Men Elite,13875
5,2024,171,4017,2.2.Stage,UCI.WR.2.Stage,4,151,213,23,2.2,ME - Men Elite,17654
7,2024,171,1920,2.2.Stage,UCI.WR.2.Stage,2,65,194,32,2.2,ME - Men Elite,16046
7,2024,170,3012,2.2.Stage,UCI.WR.2.Stage,2,155,194,32,2.2,ME - Men Elite,16009
7,2024,171,2534,2.2.Stage,UCI.WR.2.Stage,3,209,194,32,2.2,ME - Men Elite,14917
3,2024,180,2106,1.2,UCI.WR.2,2,55,202,28,1.2,ME - Men Elite,14550
1,2024,140,741,1.2,UCI.WR.2,2,16,302,12,1.2,ME - Men Elite,12365
2,2025,127,1321,1.2,UCI.WR.2,2,42,325,9,1.2,ME - Men Elite,11262
9,2024,159,1181,1.2,UCI.WR.2,1,11,246,18,1.2,ME - Men Elite,12298
10,2024,99,1007,2.2.Stage,UCI.WR.2.Stage,1,26,351,7,2.2,ME - Men Elite,8085
10,2024,165,1745,2.2.Stage,UCI.WR.2.Stage,2,44,351,7,2.2,ME - Men Elite,13430
10,2024,104,1284,2.2.Stage,UCI.WR.2.Stage,2,43,351,7,2.2,ME - Men Elite,8544
10,2024,115,1073,2.2.Stage,UCI.WR.2.Stage,1,25,351,7,2.2,ME - Men Elite,10219
10,2024,164,1876,2.2.Stage,UCI.WR.2.Stage,2,44,351,7,2.2,ME - Men Elite,14457
3,2024,200,2253,1.1,UCI.WR.1,2,76,164,103,1.1,ME - Men Elite,16827
9,2024,209,3899,1.WT.B,UCI.WR.C1,2,176,12,869,1.UWT,ME - Men Elite,19719
9,2024,202,2508,1.WT.B,UCI.WR.C1,3,63,12,884,1.UWT,ME - Men Elite,17136
1,2024,168,2760,1.1,UCI.WR.1,4,126,124,167,1.1,ME - Men Elite,14872
2,2025,164,2830,1.1,UCI.WR.1,4,121,143,132,1.1,ME - Men Elite,14273
3,2024,196,1238,1.PRO,UCI.WR.Pro,1,9,102,217,1.Pro,ME - Men Elite,16831
9,2024,198,2115,1.PRO,UCI.WR.Pro,2,44,125,169,1.Pro,ME - Men Elite,16147
4,2024,179,1493,1.2,UCI.WR.2,2,33,406,1,1.2,ME - Men Elite,15418
3,2024,197,1339,1.2,UCI.WR.2,1,13,277,14,1.2,ME - Men Elite,16118
9,2024,172,NULL,1.2,UCI.WR.2,0,NULL,381,4,1.2,ME - Men Elite,13509
7,2024,178,457,1.2,UCI.WR.2,2,0,303,12,1.2,ME - Men Elite,13619
5,2024,117,1015,1.2,UCI.WR.2,1,35,308,11,1.2,ME - Men Elite,9757
8,2024,158,2143,F-1.WWT,UCI.WE.WWT,2,84,27,743,1.WWT,WE - Women Elite,15346
9,2024,139,1886,F-1.1,UCI.WE.1,3,83,30,609,1.1,WE - Women Elite,12924
9,2024,199,1364,1.1,UCI.WR.1,2,17,135,148,1.1,ME - Men Elite,16506
5,2024,96,1408,F-1.1,UCI.WE.1,3,65,61,294,1.1,WE - Women Elite,9711
4,2024,112,1632,F-1.1,UCI.WE.1,3,107,69,231,1.1,WE - Women Elite,11906
9,2024,130,1176,F-1.1,UCI.WE.1,2,25,53,380,1.1,WE - Women Elite,11629
5,2024,155,1827,1.2,UCI.WR.2,3,145,380,4,1.2,ME - Men Elite,12461
5,2024,179,698,1.2,UCI.WR.2,1,0,322,9,1.2,ME - Men Elite,15971
5,2024,83,NULL,1.2,UCI.WR.2,0,NULL,305,11,1.2,ME - Men Elite,7080
9,2024,132,1131,F-1.1,UCI.WE.1,2,28,62,293,1.1,WE - Women Elite,12407
9,2024,159,1507,1.2,UCI.WR.2,2,34,263,15,1.2,ME - Men Elite,12751
5,2024,129,186,F-1.1,UCI.WE.1,1,0,76,191,1.1,WE - Women Elite,10788
5,2024,124,1565,E-2.Ncup.Stage,UCI.WR.Ncup.Stage,2,44,217,22,2.Ncup,MU - Men U23,10218
5,2024,118,1733,E-2.Ncup.Stage,UCI.WR.Ncup.Stage,2,71,217,22,2.Ncup,MU - Men U23,10081
6,2024,100,1924,E-2.Ncup.Stage,UCI.WR.Ncup.Stage,5,174,217,22,2.Ncup,MU - Men U23,9390
6,2024,127,2080,E-2.Ncup.Stage,UCI.WR.Ncup.Stage,2,74,217,22,2.Ncup,MU - Men U23,11009
3,2024,157,2203,1.2,UCI.WR.2,2,93,227,21,1.2,ME - Men Elite,13773
10,2024,182,1638,1.PRO,UCI.WR.Pro,2,60,44,432,1.Pro,ME - Men Elite,14263
8,2024,175,1841,1.2,UCI.WR.2U,3,130,397,3,1.2U,MU - Men U23,14643
5,2024,116,2112,F-1.PRO,UCI.WE.Pro,3,165,76,188,1.Pro,WE - Women Elite,11287
4,2024,138,1308,1.2,UCI.WR.2U,1,22,379,4,1.2U,MU - Men U23,11785
4,2024,96,1263,F-1.1,UCI.WE.1,1,41,84,153,1.1,WE - Women Elite,8957
9,2024,169,1975,1.PRO,UCI.WR.Pro,2,88,87,241,1.Pro,ME - Men Elite,14116
4,2024,172,1456,1.2,UCI.WR.2U,2,126,383,3,1.2U,MU - Men U23,14305
5,2024,175,2243,1.2,UCI.WR.2U,2,91,380,4,1.2U,MU - Men U23,14932
3,2024,198,3178,1.PRO,UCI.WR.Pro,2,155,45,381,1.Pro,ME - Men Elite,17748
4,2024,148,NULL,1.2,UCI.WR.2U,0,NULL,341,8,1.2U,MU - Men U23,14055
8,2024,165,1863,1.2,UCI.WR.2U,2,94,355,8,1.2U,MU - Men U23,14214
1,2024,139,1848,1.2,UCI.WR.2,2,82,374,5,1.2,ME - Men Elite,12812
1,2024,101,1327,F-1.2,UCI.WE.2,2,73,147,12,1.2,WE - Women Elite,10894
10,2024,149,1604,2.WT.Stage,UCI.WR.C3.Stage,1,56,71,302,2.UWT,ME - Men Elite,11878
10,2024,182,2175,2.WT.Stage,UCI.WR.C3.Stage,2,81,71,302,2.UWT,ME - Men Elite,13769
10,2024,214,2563,2.WT.Stage,UCI.WR.C3.Stage,2,85,71,302,2.UWT,ME - Men Elite,17044
10,2024,177,2835,2.WT.Stage,UCI.WR.C3.Stage,2,111,71,302,2.UWT,ME - Men Elite,14531
10,2024,166,1881,2.WT.Stage,UCI.WR.C3.Stage,3,126,71,302,2.UWT,ME - Men Elite,12978
10,2024,134,1673,2.WT.Stage,UCI.WR.C3.Stage,2,106,71,302,2.UWT,ME - Men Elite,10315
10,2024,134,1673,F-1.WWT,UCI.WE.WWT,2,106,61,306,1.WWT,WE - Women Elite,13142
9,2024,139,1886,F-1.1,UCI.WE.1,3,83,30,609,1.1,WE - Women Elite,12924
6,2024,174,2902,1.1,UCI.WR.1,2,136,59,331,1.1,ME - Men Elite,15200
9,2024,137,444,F-1.1,UCI.WE.1,1,5,87,180,1.1,WE - Women Elite,12111
5,2024,135,177,F-1.1,UCI.WE.1,1,0,70,237,1.1,WE - Women Elite,12040
3,2024,201,624,1.1,UCI.WR.1,1,3,160,106,1.1,ME - Men Elite,16979
3,2024,119,1166,F-1.1,UCI.WE.1,2,33,42,451,1.1,WE - Women Elite,11005
9,2024,181,328,1.2,UCI.WR.2,1,1,239,19,1.2,ME - Men Elite,14383
8,2024,132,175,F-1.1,UCI.WE.1,1,0,105,108,1.1,WE - Women Elite,11613
6,2024,197,511,1.1,UCI.WR.1,1,6,146,132,1.1,ME - Men Elite,15291
10,2024,171,2099,1.2,UCI.WR.2U,2,145,258,16,1.2U,MU - Men U23,13917
8,2024,162,2463,2.2.Stage,UCI.WR.2.Stage,4,119,338,9,2.2,ME - Men Elite,14823
8,2024,108,1483,2.2.Stage,UCI.WR.2.Stage,4,97,338,9,2.2,ME - Men Elite,8712
8,2024,181,715,2.2.Stage,UCI.WR.2.Stage,1,1,338,9,2.2,ME - Men Elite,15722
8,2024,207,2518,2.2.Stage,UCI.WR.2.Stage,4,104,338,9,2.2,ME - Men Elite,18768
8,2024,123,1389,2.2.Stage,UCI.WR.2.Stage,4,75,338,9,2.2,ME - Men Elite,10767
6,2024,119,1454,F-2.PRO.Stage,UCI.WE.Pro.Stage,2,51,38,509,2.Pro,WE - Women Elite,11111
6,2024,119,1396,F-2.PRO.Stage,UCI.WE.Pro.Stage,2,42,38,509,2.Pro,WE - Women Elite,10937
6,2024,145,838,F-2.PRO.Stage,UCI.WE.Pro.Stage,2,10,38,509,2.Pro,WE - Women Elite,12797
6,2024,111,1527,F-2.PRO.Stage,UCI.WE.Pro.Stage,2,73,38,509,2.Pro,WE - Women Elite,10447
6,2024,32,290,F-2.PRO.Stage,UCI.WE.Pro.Stage,2,14,38,509,2.Pro,WE - Women Elite,2584
6,2024,105,1405,F-2.PRO.Stage,UCI.WE.Pro.Stage,2,57,38,509,2.Pro,WE - Women Elite,9375
3,2024,186,1729,1.2,UCI.WR.2,2,51,222,22,1.2,ME - Men Elite,15169
3,2024,148,1828,2.2.Stage,UCI.WR.2.Stage,3,67,223,22,2.2,ME - Men Elite,12574
3,2024,159,2292,2.2.Stage,UCI.WR.2.Stage,3,68,223,22,2.2,ME - Men Elite,13572
3,2024,151,2498,2.2.Stage,UCI.WR.2.Stage,2,97,223,22,2.2,ME - Men Elite,12898
3,2024,142,1512,2.2.Stage,UCI.WR.2.Stage,2,28,204,25,2.2,ME - Men Elite,11906
3,2024,139,2232,2.2.Stage,UCI.WR.2.Stage,3,120,204,25,2.2,ME - Men Elite,12895
3,2024,118,1270,2.2.Stage,UCI.WR.2.Stage,2,32,204,25,2.2,ME - Men Elite,8830
4,2024,160,2312,2.WT.Stage,UCI.WR.C2.Stage,2,72,18,779,2.UWT,ME - Men Elite,13348
4,2024,191,3057,2.WT.Stage,UCI.WR.C2.Stage,2,113,18,779,2.UWT,ME - Men Elite,16859
4,2024,158,2151,2.WT.Stage,UCI.WR.C2.Stage,2,129,18,779,2.UWT,ME - Men Elite,15675
4,2024,176,2214,2.WT.Stage,UCI.WR.C2.Stage,2,100,18,779,2.UWT,ME - Men Elite,13408
4,2024,138,3472,2.WT.Stage,UCI.WR.C2.Stage,2,235,18,779,2.UWT,ME - Men Elite,13033
5,2024,140,1473,F-2.WWT.Stage,UCI.WE.WWT.Stage,2,65,26,765,2.WWT,WE - Women Elite,12345
5,2024,104,1547,F-2.WWT.Stage,UCI.WE.WWT.Stage,2,97,26,765,2.WWT,WE - Women Elite,9277
5,2024,115,1788,F-2.WWT.Stage,UCI.WE.WWT.Stage,2,88,26,765,2.WWT,WE - Women Elite,11014
2,2024,158,2509,1.1,UCI.WR.1,2,89,85,263,1.1,ME - Men Elite,13458
2,2025,169,2542,1.1,UCI.WR.1,2,82,105,212,1.1,ME - Men Elite,14425
10,2024,144,2673,1.PRO,UCI.WR.Pro,2,159,107,197,1.Pro,ME - Men Elite,12810
7,2024,197,2329,2.2.Stage,UCI.WR.2.Stage,2,45,237,20,2.2,ME - Men Elite,15835
7,2024,164,2301,2.2.Stage,UCI.WR.2.Stage,3,118,237,20,2.2,ME - Men Elite,13542
7,2024,178,2595,2.2.Stage,UCI.WR.2.Stage,3,93,237,20,2.2,ME - Men Elite,15435
2,2024,196,1808,1.PRO,UCI.WR.Pro,2,39,30,629,1.Pro,ME - Men Elite,15661
5,2024,115,1317,F-1.1,UCI.WE.1,3,45,62,292,1.1,WE - Women Elite,10866
5,2024,104,514,F-1.2,UCI.WE.2,1,8,138,22,1.2,WE - Women Elite,9664
4,2024,199,2791,1.WT.B,UCI.WR.C2,3,145,12,863,1.UWT,ME - Men Elite,16824
4,2024,146,2111,F-1.WWT,UCI.WE.WWT,3,130,11,1140,1.WWT,WE - Women Elite,14129
7,2024,110,1643,F-1.2,UCI.WE.2,2,88,79,208,1.2,WE - Women Elite,11001
7,2024,129,1019,F-1.1,UCI.WE.1,1,35,70,247,1.1,WE - Women Elite,11505
8,2024,169,2134,1.1,UCI.WR.1,3,59,151,129,1.1,ME - Men Elite,14164
3,2024,200,1782,1.1,UCI.WR.1,2,47,164,102,1.1,ME - Men Elite,16882
5,2024,80,454,1.2,UCI.WR.2,1,0,324,9,1.2,ME - Men Elite,6741
2,2024,204,1433,1.1,UCI.WR.1,3,11,113,193,1.1,ME - Men Elite,16720
2,2024,115,958,F-1.1,UCI.WE.1,3,11,36,555,1.1,WE - Women Elite,10967
4,2024,146,1229,2.2.Stage,UCI.WR.2.Stage,2,20,248,18,2.2,ME - Men Elite,11792
4,2024,206,2546,2.2.Stage,UCI.WR.2.Stage,2,82,248,18,2.2,ME - Men Elite,16779
4,2024,181,1537,2.2.Stage,UCI.WR.2.Stage,3,25,248,18,2.2,ME - Men Elite,13747
4,2024,172,1584,2.2.Stage,UCI.WR.2.Stage,2,44,248,18,2.2,ME - Men Elite,13843
4,2024,203,1911,2.2.Stage,UCI.WR.2.Stage,2,21,248,18,2.2,ME - Men Elite,16497
4,2024,193,2065,2.2.Stage,UCI.WR.2.Stage,2,44,248,18,2.2,ME - Men Elite,15281
5,2024,159,1443,2.2.Stage,UCI.WR.2.Stage,3,51,248,18,2.2,ME - Men Elite,12922
9,2024,97,758,2.PRO.Stage,UCI.WR.Pro.Stage,1,24,166,98,2.Pro,ME - Men Elite,7477
9,2024,155,335,2.PRO.Stage,UCI.WR.Pro.Stage,1,3,166,98,2.Pro,ME - Men Elite,12898
10,2024,170,2827,2.PRO.Stage,UCI.WR.Pro.Stage,5,207,166,98,2.Pro,ME - Men Elite,15874
10,2024,131,2251,2.PRO.Stage,UCI.WR.Pro.Stage,4,76,166,98,2.Pro,ME - Men Elite,10417
10,2024,167,1425,2.PRO.Stage,UCI.WR.Pro.Stage,2,20,166,98,2.Pro,ME - Men Elite,12930
10,2024,123,627,2.PRO.Stage,UCI.WR.Pro.Stage,1,13,166,98,2.Pro,ME - Men Elite,8938
10,2024,199,1212,2.PRO.Stage,UCI.WR.Pro.Stage,1,14,166,98,2.Pro,ME - Men Elite,15483
10,2024,148,1170,2.PRO.Stage,UCI.WR.Pro.Stage,1,29,166,98,2.Pro,ME - Men Elite,11258
3,2024,183,1379,1.2,UCI.WR.2,2,50,277,14,1.2,ME - Men Elite,15508
4,2024,255,4266,1.WT.A,UCI.WR.Monument,2,174,4,999,1.UWT,ME - Men Elite,22527
4,2024,175,2827,1.2,UCI.WR.2U,3,126,326,9,1.2U,MU - Men U23,14993
4,2024,153,2641,F-1.WWT,UCI.WE.WWT,2,152,4,1285,1.WWT,WE - Women Elite,16140
4,2024,255,4266,1.WT.A,UCI.WR.Monument,2,174,4,999,1.UWT,ME - Men Elite,22428
7,2024,159,865,1.2,UCI.WR.2,1,3,353,8,1.2,ME - Men Elite,12356
9,2024,195,2565,1.1,UCI.WR.1,2,92,77,271,1.1,ME - Men Elite,16271
5,2024,168,5006,1.1,UCI.WR.1,5,358,110,195,1.1,ME - Men Elite,17378
6,2024,187,187,1.2,UCI.WR.2,1,0,407,3,1.2,ME - Men Elite,14791
3,2024,288,2070,1.WT.A,UCI.WR.Monument,2,59,8,941,1.UWT,ME - Men Elite,22484
3,2024,177,1261,1.PRO,UCI.WR.Pro,1,61,64,308,1.Pro,ME - Men Elite,14060
3,2024,199,264,1.WT.B,UCI.WR.C3,1,0,45,377,1.UWT,ME - Men Elite,15742
3,2024,158,479,F-1.WWT,UCI.WE.WWT,1,11,28,691,1.WWT,WE - Women Elite,14949
2,2024,174,1943,1.1,UCI.WR.1,2,130,98,224,1.1,ME - Men Elite,16067
2,2025,170,1920,1.1,UCI.WR.1,2,138,80,287,1.1,ME - Men Elite,15410
5,2024,136,1886,F-1.PRO,UCI.WE.Pro,3,84,51,363,1.Pro,WE - Women Elite,13816
1,2024,158,1487,2.2.Stage,UCI.WR.2.Stage,3,31,269,15,2.2,ME - Men Elite,12707
1,2024,127,848,2.2.Stage,UCI.WR.2.Stage,1,5,269,15,2.2,ME - Men Elite,10581
1,2024,127,1843,2.2.Stage,UCI.WR.2.Stage,3,119,269,15,2.2,ME - Men Elite,11126
1,2024,144,792,2.2.Stage,UCI.WR.2.Stage,2,17,269,15,2.2,ME - Men Elite,9903
1,2024,50,390,2.2.Stage,UCI.WR.2.Stage,1,0,269,15,2.2,ME - Men Elite,4097
6,2024,186,1709,2.2.Stage,UCI.WR.2.Stage,2,32,207,24,2.2,ME - Men Elite,15541
6,2024,151,2211,2.2.Stage,UCI.WR.2.Stage,3,118,207,24,2.2,ME - Men Elite,13136
6,2024,153,2839,2.2.Stage,UCI.WR.2.Stage,5,287,207,24,2.2,ME - Men Elite,13982
2,2024,15,176,2.1.Stage,UCI.WR.1.Stage,3,9,90,234,2.1,ME - Men Elite,1101
2,2024,151,2759,2.1.Stage,UCI.WR.1.Stage,2,156,90,234,2.1,ME - Men Elite,13803
2,2024,173,2318,2.1.Stage,UCI.WR.1.Stage,2,100,90,234,2.1,ME - Men Elite,14594
2,2024,132,3290,2.1.Stage,UCI.WR.1.Stage,5,258,90,234,2.1,ME - Men Elite,12440
9,2024,151,2920,1.2,UCI.WR.2,3,166,258,16,1.2,ME - Men Elite,12263
9,2024,132,1413,2.2.Stage,UCI.WR.2.Stage,3,55,264,15,2.2,ME - Men Elite,10708
9,2024,151,1671,2.2.Stage,UCI.WR.2.Stage,2,48,264,15,2.2,ME - Men Elite,12126
9,2024,130,3161,2.2.Stage,UCI.WR.2.Stage,4,228,264,15,2.2,ME - Men Elite,12158
9,2024,161,1933,2.2.Stage,UCI.WR.2.Stage,2,41,264,15,2.2,ME - Men Elite,12638
6,2024,192,2120,2.1.Stage,UCI.WR.1.Stage,3,71,171,80,2.1,ME - Men Elite,16367
6,2024,161,1365,2.1.Stage,UCI.WR.1.Stage,3,25,171,80,2.1,ME - Men Elite,13127
6,2024,184,3021,2.1.Stage,UCI.WR.1.Stage,4,144,171,80,2.1,ME - Men Elite,16082
6,2024,145,2513,2.1.Stage,UCI.WR.1.Stage,5,122,171,80,2.1,ME - Men Elite,12251
3,2024,145,109,2.2.Stage,UCI.WR.2.Stage,1,0,268,15,2.2,ME - Men Elite,11679
3,2024,150,121,2.2.Stage,UCI.WR.2.Stage,1,0,268,15,2.2,ME - Men Elite,11354
3,2024,141,479,2.2.Stage,UCI.WR.2.Stage,1,4,268,15,2.2,ME - Men Elite,11085
3,2024,168,504,2.2.Stage,UCI.WR.2.Stage,1,4,268,15,2.2,ME - Men Elite,13563
3,2024,188,574,2.2.Stage,UCI.WR.2.Stage,1,4,268,15,2.2,ME - Men Elite,16312
7,2024,32,123,Olympics.TT,UCI.WR.WO.TT,1,1,47,389,Olympics,ME - Men Elite,2172
8,2024,158,1648,F-OS,UCI.WE.WO,2,57,5,1245,Olympics,WE - Women Elite,14363
7,2024,32,123,F-OS.TT,UCI.WE.WO.TT,1,0,38,546,Olympics,WE - Women Elite,2378
8,2024,158,1648,F-OS,UCI.WE.WO,2,57,5,1245,Olympics,WE - Women Elite,14363
5,2024,182,213,1.2,UCI.WR.2,1,0,307,10,1.2,ME - Men Elite,13868
2,2024,202,1607,1.WT.B,UCI.WR.C3,2,49,28,678,1.UWT,ME - Men Elite,16291
2,2024,127,996,F-1.WWT,UCI.WE.WWT,2,39,13,1123,1.WWT,WE - Women Elite,12435
2,2024,129,1001,F-1.1,UCI.WE.1,1,23,31,601,1.1,WE - Women Elite,12158
5,2024,183,200,1.2,UCI.WR.2,1,0,288,13,1.2,ME - Men Elite,14556
5,2024,135,2109,E-2.Ncup.Stage,UCI.WR.Ncup.Stage,3,96,284,13,2.Ncup,MU - Men U23,11976
5,2024,110,2014,E-2.Ncup.Stage,UCI.WR.Ncup.Stage,3,150,284,13,2.Ncup,MU - Men U23,10240
5,2024,121,1803,E-2.Ncup.Stage,UCI.WR.Ncup.Stage,5,57,284,13,2.Ncup,MU - Men U23,10854
5,2024,175,1926,E-2.Ncup.Stage,UCI.WR.Ncup.Stage,2,42,284,13,2.Ncup,MU - Men U23,14503
5,2024,149,2687,E-2.Ncup.Stage,UCI.WR.Ncup.Stage,3,163,284,13,2.Ncup,MU - Men U23,13095
7,2024,178,2026,2.1.Stage,UCI.WR.1.Stage,2,101,147,129,2.1,ME - Men Elite,13132
7,2024,185,2388,2.1.Stage,UCI.WR.1.Stage,2,136,147,129,2.1,ME - Men Elite,14796
7,2024,153,2988,2.1.Stage,UCI.WR.1.Stage,3,241,147,129,2.1,ME - Men Elite,14951
7,2024,152,3660,2.1.Stage,UCI.WR.1.Stage,5,243,147,129,2.1,ME - Men Elite,14951
3,2024,191,1842,1.1,UCI.WR.1,2,102,154,118,1.1,ME - Men Elite,15971
9,2024,197,2023,1.1,UCI.WR.1,2,56,136,148,1.1,ME - Men Elite,15369
3,2024,158,1671,2.WT.Stage,UCI.WR.C1.Stage,2,68,7,957,2.UWT,ME - Men Elite,12988
3,2024,178,1070,2.WT.Stage,UCI.WR.C1.Stage,1,11,7,957,2.UWT,ME - Men Elite,16862
3,2024,183,3341,2.WT.Stage,UCI.WR.C1.Stage,5,210,7,957,2.UWT,ME - Men Elite,15952
3,2024,194,2274,2.WT.Stage,UCI.WR.C1.Stage,2,49,7,957,2.UWT,ME - Men Elite,15824
3,2024,198,2866,2.WT.Stage,UCI.WR.C1.Stage,2,119,7,957,2.UWT,ME - Men Elite,16611
3,2024,104,2342,2.WT.Stage,UCI.WR.C1.Stage,5,188,7,957,2.UWT,ME - Men Elite,9843
3,2024,109,2296,2.WT.Stage,UCI.WR.C1.Stage,4,175,7,957,2.UWT,ME - Men Elite,10203
4,2024,260,1414,1.WT.A,UCI.WR.Monument,1,6,29,661,1.UWT,ME - Men Elite,19738
4,2024,164,552,1.2,UCI.WR.2U,1,2,290,13,1.2U,MU - Men U23,13709
4,2024,149,529,F-1.WWT,UCI.WE.WWT,1,2,21,954,1.WWT,WE - Women Elite,13633
10,2024,214,1279,1.PRO,UCI.WR.Pro,2,30,45,425,1.Pro,ME - Men Elite,18027
10,2024,179,1100,1.2,UCI.WR.2U,2,30,251,17,1.2U,MU - Men U23,14937
5,2024,180,1953,1.2,UCI.WR.2,2,44,381,3,1.2,ME - Men Elite,14591
3,2024,175,231,1.2,UCI.WR.2,1,1,406,1,1.2,ME - Men Elite,13007
3,2024,108,1211,F-1.2,UCI.WE.2,3,32,121,35,1.2,WE - Women Elite,10562
8,2024,231,1985,2.PRO.Stage,UCI.WR.Pro.Stage,3,105,122,176,2.Pro,ME - Men Elite,19030
8,2024,156,1030,2.PRO.Stage,UCI.WR.Pro.Stage,3,16,122,176,2.Pro,ME - Men Elite,11819
8,2024,178,958,2.PRO.Stage,UCI.WR.Pro.Stage,2,20,122,176,2.Pro,ME - Men Elite,13745
8,2024,165,847,2.PRO.Stage,UCI.WR.Pro.Stage,1,4,122,176,2.Pro,ME - Men Elite,11898
8,2024,110,521,F-2.2.Stage,UCI.WE.2.Stage,3,15,112,94,2.2,WE - Women Elite,9976
8,2024,117,483,F-2.2.Stage,UCI.WE.2.Stage,2,32,112,94,2.2,WE - Women Elite,10639
9,2024,129,1321,F-2.2.Stage,UCI.WE.2.Stage,3,80,112,94,2.2,WE - Women Elite,12681
4,2024,135,609,2.PRO.Stage,UCI.WR.Pro.Stage,1,12,130,160,2.Pro,ME - Men Elite,10574
4,2024,191,2917,2.PRO.Stage,UCI.WR.Pro.Stage,3,118,130,160,2.Pro,ME - Men Elite,16996
4,2024,147,1953,2.PRO.Stage,UCI.WR.Pro.Stage,2,92,130,160,2.Pro,ME - Men Elite,12297
4,2024,138,2556,2.PRO.Stage,UCI.WR.Pro.Stage,3,134,130,160,2.Pro,ME - Men Elite,12582
4,2024,178,2144,2.PRO.Stage,UCI.WR.Pro.Stage,2,80,130,160,2.Pro,ME - Men Elite,15492
4,2024,160,2635,2.PRO.Stage,UCI.WR.Pro.Stage,5,238,130,160,2.Pro,ME - Men Elite,15000
4,2024,125,1049,2.PRO.Stage,UCI.WR.Pro.Stage,2,23,130,160,2.Pro,ME - Men Elite,10258
9,2024,198,1872,1.PRO,UCI.WR.Pro,2,49,41,449,1.Pro,ME - Men Elite,16050
5,2024,159,1317,F-2.WWT.Stage,UCI.WE.WWT.Stage,1,24,30,659,2.WWT,WE - Women Elite,14787
5,2024,143,1119,F-2.WWT.Stage,UCI.WE.WWT.Stage,1,33,30,659,2.WWT,WE - Women Elite,12806
5,2024,91,534,F-2.WWT.Stage,UCI.WE.WWT.Stage,1,9,30,659,2.WWT,WE - Women Elite,7727
7,2024,166,2497,1.1,UCI.WR.1,2,139,131,160,1.1,ME - Men Elite,13225
7,2024,167,472,1.2,UCI.WR.2,1,2,356,8,1.2,ME - Men Elite,10544
3,2024,181,284,1.2,UCI.WR.2,1,0,339,8,1.2,ME - Men Elite,14250
1,2024,159,1651,1.1,UCI.WR.1,2,34,102,217,1.1,ME - Men Elite,12460
1,2025,157,1666,1.1,UCI.WR.1,1,35,81,269,1.1,ME - Men Elite,11765
4,2024,211,674,2.1.Stage,UCI.WR.1.Stage,1,4,138,140,2.1,ME - Men Elite,17005
4,2024,162,1155,2.1.Stage,UCI.WR.1.Stage,1,46,138,140,2.1,ME - Men Elite,13296
4,2024,160,1563,2.1.Stage,UCI.WR.1.Stage,1,34,138,140,2.1,ME - Men Elite,13604
4,2024,175,1284,2.1.Stage,UCI.WR.1.Stage,1,51,138,140,2.1,ME - Men Elite,14939
5,2024,171,2356,1.2,UCI.WR.2,2,101,326,9,1.2,ME - Men Elite,14796
5,2024,146,2054,2.2.Stage,UCI.WR.2U.Stage,2,55,380,4,2.2U,MU - Men U23,13588
5,2024,126,3089,2.2.Stage,UCI.WR.2U.Stage,4,173,380,4,2.2U,MU - Men U23,12423
5,2024,153,1823,2.2.Stage,UCI.WR.2U.Stage,2,52,380,4,2.2U,MU - Men U23,12089
5,2024,122,3320,2.2.Stage,UCI.WR.2U.Stage,5,307,380,4,2.2U,MU - Men U23,12652
5,2024,134,2253,2.2.Stage,UCI.WR.2U.Stage,4,129,380,4,2.2U,MU - Men U23,12482
5,2024,140,605,2.2.Stage,UCI.WR.2.Stage,2,1,305,11,2.2,ME - Men Elite,10399
5,2024,191,1723,2.2.Stage,UCI.WR.2.Stage,2,45,305,11,2.2,ME - Men Elite,16651
6,2024,184,1342,2.2.Stage,UCI.WR.2.Stage,2,22,305,11,2.2,ME - Men Elite,15358
6,2024,181,1482,2.2.Stage,UCI.WR.2.Stage,1,13,305,11,2.2,ME - Men Elite,14702
4,2024,123,874,F-1.1,UCI.WE.1,1,6,60,300,1.1,WE - Women Elite,11356
8,2024,195,492,1.2,UCI.WR.2,1,3,337,9,1.2,ME - Men Elite,15599
5,2024,196,1669,1.1,UCI.WR.1,3,27,122,175,1.1,ME - Men Elite,16240
5,2024,205,762,1.2,UCI.WR.2,1,4,258,16,1.2,ME - Men Elite,16864
3,2024,271,2172,1.WT.A,UCI.WR.Monument,2,74,23,752,1.UWT,ME - Men Elite,21979
3,2024,163,1401,F-1.WWT,UCI.WE.WWT,2,56,6,1300,1.WWT,WE - Women Elite,15364
3,2024,163,1401,F-1.WWT,UCI.WE.WWT,2,56,6,1300,1.WWT,WE - Women Elite,15364
3,2024,174,2322,1.1,UCI.WR.1,2,63,148,124,1.1,ME - Men Elite,14607
5,2024,195,2599,1.1,UCI.WR.1,2,79,156,112,1.1,ME - Men Elite,15715
1,2024,94,999,F-2.WWT.Stage,UCI.WE.WWT.Stage,1,35,37,475,2.WWT,WE - Women Elite,9157
1,2024,104,1710,F-2.WWT.Stage,UCI.WE.WWT.Stage,3,87,37,475,2.WWT,WE - Women Elite,10468
1,2024,93,1292,F-2.WWT.Stage,UCI.WE.WWT.Stage,3,70,37,475,2.WWT,WE - Women Elite,9038
1,2025,102,1160,F-2.WWT.Stage,UCI.WE.WWT.Stage,2,44,43,478,2.WWT,WE - Women Elite,9906
1,2025,115,1737,F-2.WWT.Stage,UCI.WE.WWT.Stage,3,98,43,478,2.WWT,WE - Women Elite,11403
1,2025,106,1964,F-2.WWT.Stage,UCI.WE.WWT.Stage,3,97,43,478,2.WWT,WE - Women Elite,10409
4,2024,205,357,1.PRO,UCI.WR.Pro,1,1,51,370,1.Pro,ME - Men Elite,15424
4,2024,205,357,1.PRO,UCI.WR.Pro,1,1,51,370,1.Pro,ME - Men Elite,11520
2,2024,113,1377,F-2.PRO.Stage,UCI.WE.Pro.Stage,2,62,17,1038,2.Pro,WE - Women Elite,10485
2,2024,117,1698,F-2.PRO.Stage,UCI.WE.Pro.Stage,2,89,17,1038,2.Pro,WE - Women Elite,10879
2,2024,129,2868,F-2.PRO.Stage,UCI.WE.Pro.Stage,2,217,17,1038,2.Pro,WE - Women Elite,13804
2,2024,118,1009,F-2.PRO.Stage,UCI.WE.Pro.Stage,4,31,17,1038,2.Pro,WE - Women Elite,10362
3,2024,110,1552,2.1.Stage,UCI.WR.1.Stage,4,81,156,113,2.1,ME - Men Elite,9038
3,2024,157,3083,2.1.Stage,UCI.WR.1.Stage,3,148,156,113,2.1,ME - Men Elite,14131
3,2024,132,2730,2.1.Stage,UCI.WR.1.Stage,4,148,156,113,2.1,ME - Men Elite,11796
3,2024,151,2215,2.1.Stage,UCI.WR.1.Stage,3,114,156,113,2.1,ME - Men Elite,12760
3,2024,158,2950,2.1.Stage,UCI.WR.1.Stage,2,142,156,113,2.1,ME - Men Elite,15625
7,2024,168,2315,2.1.Stage,UCI.WR.1.Stage,3,135,172,76,2.1,ME - Men Elite,15277
7,2024,103,1063,2.1.Stage,UCI.WR.1.Stage,2,67,172,76,2.1,ME - Men Elite,8417
7,2024,207,3008,2.1.Stage,UCI.WR.1.Stage,5,267,172,76,2.1,ME - Men Elite,18524
7,2024,193,1965,2.1.Stage,UCI.WR.1.Stage,2,47,172,76,2.1,ME - Men Elite,15446
4,2024,148,1604,2.2.Stage,UCI.WR.2.Stage,5,116,340,8,2.2,ME - Men Elite,12136
4,2024,121,1653,2.2.Stage,UCI.WR.2.Stage,2,51,340,8,2.2,ME - Men Elite,11224
4,2024,26,381,2.2.Stage,UCI.WR.2.Stage,2,26,340,8,2.2,ME - Men Elite,1987
4,2024,70,425,2.2.Stage,UCI.WR.2.Stage,1,8,340,8,2.2,ME - Men Elite,5650
4,2024,162,2865,2.2.Stage,UCI.WR.2.Stage,3,162,340,8,2.2,ME - Men Elite,15025
4,2024,148,1604,2.2.Stage,UCI.WR.2.Stage,5,116,340,8,2.2,ME - Men Elite,12136
4,2024,121,1653,2.2.Stage,UCI.WR.2.Stage,2,51,340,8,2.2,ME - Men Elite,11224
4,2024,26,381,2.2.Stage,UCI.WR.2.Stage,2,26,340,8,2.2,ME - Men Elite,1988
4,2024,70,425,2.2.Stage,UCI.WR.2.Stage,1,8,340,8,2.2,ME - Men Elite,5650
4,2024,162,2865,2.2.Stage,UCI.WR.2.Stage,3,162,340,8,2.2,ME - Men Elite,15025
10,2024,155,314,F-2.WWT.Stage,UCI.WE.WWT.Stage,1,1,26,715,2.WWT,WE - Women Elite,13474
10,2024,148,126,F-2.WWT.Stage,UCI.WE.WWT.Stage,1,0,26,715,2.WWT,WE - Women Elite,12003
10,2024,118,467,F-2.WWT.Stage,UCI.WE.WWT.Stage,1,1,26,715,2.WWT,WE - Women Elite,10193
10,2024,140,364,F-2.WWT.Stage,UCI.WE.WWT.Stage,1,6,26,715,2.WWT,WE - Women Elite,12801
10,2024,146,1159,F-2.WWT.Stage,UCI.WE.WWT.Stage,2,15,26,715,2.WWT,WE - Women Elite,13489
9,2024,158,2555,2.PRO.Stage,UCI.WR.Pro.Stage,2,123,44,418,2.Pro,ME - Men Elite,13588
9,2024,155,2013,2.PRO.Stage,UCI.WR.Pro.Stage,2,70,44,418,2.Pro,ME - Men Elite,13287
9,2024,201,3856,2.PRO.Stage,UCI.WR.Pro.Stage,2,192,44,418,2.Pro,ME - Men Elite,17614
9,2024,16,225,2.PRO.Stage,UCI.WR.Pro.Stage,2,30,44,418,2.Pro,ME - Men Elite,1151
9,2024,177,3116,2.PRO.Stage,UCI.WR.Pro.Stage,2,137,44,418,2.Pro,ME - Men Elite,14763
3,2024,180,1929,2.2.Stage,UCI.WR.2.Stage,3,67,303,12,2.2,ME - Men Elite,15647
3,2024,169,1843,2.2.Stage,UCI.WR.2.Stage,5,58,303,12,2.2,ME - Men Elite,13506
6,2024,137,226,F-1.1,UCI.WE.1,1,0,58,303,1.1,WE - Women Elite,11920
10,2024,202,1105,1.PRO,UCI.WR.Pro,2,10,61,336,1.Pro,ME - Men Elite,15770
3,2024,215,3669,1.WT.B,UCI.WR.C2,3,185,23,775,1.UWT,ME - Men Elite,19349
3,2024,137,2244,F-1.WWT,UCI.WE.WWT,3,147,9,1221,1.WWT,WE - Women Elite,14143
5,2024,167,2690,1.2,UCI.WR.2,3,148,313,10,1.2,ME - Men Elite,14364
3,2024,112,2007,1.2,UCI.WR.2,5,168,250,18,1.2,ME - Men Elite,10283
4,2024,113,274,F-2.1.Stage,UCI.WE.1.Stage,1,0,119,47,2.1,WE - Women Elite,10297
4,2024,96,285,F-2.1.Stage,UCI.WE.1.Stage,1,0,119,47,2.1,WE - Women Elite,8905
4,2024,70,256,F-2.1.Stage,UCI.WE.1.Stage,1,0,119,47,2.1,WE - Women Elite,5383
4,2024,131,276,2.1.Stage,UCI.WR.1.Stage,1,0,208,24,2.1,ME - Men Elite,10297
4,2024,202,570,2.1.Stage,UCI.WR.1.Stage,1,0,208,24,2.1,ME - Men Elite,8905
4,2024,128,737,2.1.Stage,UCI.WR.1.Stage,2,113,208,24,2.1,ME - Men Elite,11472
4,2024,156,1539,2.1.Stage,UCI.WR.1.Stage,2,35,208,24,2.1,ME - Men Elite,13106
4,2024,159,335,2.1.Stage,UCI.WR.1.Stage,1,0,208,24,2.1,ME - Men Elite,12273
4,2024,191,601,2.1.Stage,UCI.WR.1.Stage,1,0,208,24,2.1,ME - Men Elite,15947
3,2024,198,1401,2.WT.Stage,UCI.WR.C1.Stage,2,21,10,921,2.UWT,ME - Men Elite,16327
3,2024,225,2616,2.WT.Stage,UCI.WR.C1.Stage,3,69,10,921,2.UWT,ME - Men Elite,19551
3,2024,207,2923,2.WT.Stage,UCI.WR.C1.Stage,4,77,10,921,2.UWT,ME - Men Elite,17804
3,2024,144,3015,2.WT.Stage,UCI.WR.C1.Stage,5,159,10,921,2.UWT,ME - Men Elite,12507
3,2024,180,3544,2.WT.Stage,UCI.WR.C1.Stage,5,251,10,921,2.UWT,ME - Men Elite,16317
3,2024,154,1508,2.WT.Stage,UCI.WR.C1.Stage,1,30,10,921,2.UWT,ME - Men Elite,11751
7,2024,155,2244,2.2.Stage,UCI.WR.2.Stage,3,124,185,44,2.2,ME - Men Elite,12837
7,2024,133,2510,2.2.Stage,UCI.WR.2.Stage,5,239,185,44,2.2,ME - Men Elite,12421
7,2024,176,2850,2.2.Stage,UCI.WR.2.Stage,4,103,185,44,2.2,ME - Men Elite,15003
7,2024,166,289,2.2.Stage,UCI.WR.2.Stage,1,1,185,44,2.2,ME - Men Elite,10946
8,2024,118,388,2.2.Stage,UCI.WR.2.Stage,1,1,352,8,2.2,ME - Men Elite,8393
8,2024,120,435,2.2.Stage,UCI.WR.2.Stage,1,0,352,8,2.2,ME - Men Elite,9136
8,2024,150,629,2.2.Stage,UCI.WR.2.Stage,1,3,352,8,2.2,ME - Men Elite,11989
8,2024,160,NULL,2.2.Stage,UCI.WR.2.Stage,0,NULL,352,8,2.2,ME - Men Elite,10472
2,2024,156,960,2.1.Stage,UCI.WR.1.Stage,1,22,163,103,2.1,ME - Men Elite,11499
2,2024,169,2305,2.1.Stage,UCI.WR.1.Stage,2,66,163,103,2.1,ME - Men Elite,14527
2,2024,142,1694,2.1.Stage,UCI.WR.1.Stage,2,84,163,103,2.1,ME - Men Elite,12018
2,2024,182,2033,2.1.Stage,UCI.WR.1.Stage,2,41,163,103,2.1,ME - Men Elite,14614
2,2024,138,3409,2.1.Stage,UCI.WR.1.Stage,5,358,163,103,2.1,ME - Men Elite,12859
2,2024,139,1949,2.1.Stage,UCI.WR.1.Stage,2,88,163,103,2.1,ME - Men Elite,11184
9,2024,88,1536,F-2.1.Stage,UCI.WE.1.Stage,2,80,66,272,2.1,WE - Women Elite,9130
9,2024,82,1164,F-2.1.Stage,UCI.WE.1.Stage,2,64,66,272,2.1,WE - Women Elite,7876
9,2024,126,1075,F-2.1.Stage,UCI.WE.1.Stage,2,23,66,272,2.1,WE - Women Elite,11408
9,2024,16,319,F-2.1.Stage,UCI.WE.1.Stage,1,9,66,272,2.1,WE - Women Elite,1444
9,2024,104,2234,F-2.1.Stage,UCI.WE.1.Stage,5,148,66,272,2.1,WE - Women Elite,11706
9,2024,81,1162,F-2.1.Stage,UCI.WE.1.Stage,3,67,66,272,2.1,WE - Women Elite,7805
8,2024,158,949,2.2.Stage,UCI.WR.2.Stage,1,12,396,3,2.2,ME - Men Elite,12762
8,2024,152,1518,2.2.Stage,UCI.WR.2.Stage,2,67,396,3,2.2,ME - Men Elite,12699
8,2024,162,1108,2.2.Stage,UCI.WR.2.Stage,1,19,396,3,2.2,ME - Men Elite,13721
8,2024,146,1279,2.2.Stage,UCI.WR.2.Stage,3,55,396,3,2.2,ME - Men Elite,12405
8,2024,159,1375,2.2.Stage,UCI.WR.2.Stage,2,33,396,3,2.2,ME - Men Elite,12844
8,2024,157,2930,2.2.Stage,UCI.WR.2.Stage,3,183,396,3,2.2,ME - Men Elite,15035
8,2024,160,900,2.2.Stage,UCI.WR.2.Stage,1,3,396,3,2.2,ME - Men Elite,12978
8,2024,142,2500,2.2.Stage,UCI.WR.2.Stage,2,153,396,3,2.2,ME - Men Elite,12752
9,2024,154,868,2.2.Stage,UCI.WR.2.Stage,1,5,396,3,2.2,ME - Men Elite,12082
5,2024,124,1273,2.2.Stage,UCI.WR.2.Stage,2,24,307,11,2.2,ME - Men Elite,11992
5,2024,146,1209,2.2.Stage,UCI.WR.2.Stage,1,26,307,11,2.2,ME - Men Elite,12885
5,2024,146,785,2.2.Stage,UCI.WR.2.Stage,1,14,307,11,2.2,ME - Men Elite,11859
5,2024,156,1605,2.2.Stage,UCI.WR.2.Stage,2,31,307,11,2.2,ME - Men Elite,11425
5,2024,154,1164,2.2.Stage,UCI.WR.2.Stage,3,22,307,11,2.2,ME - Men Elite,11963
5,2024,130,1475,2.2.Stage,UCI.WR.2.Stage,2,30,307,11,2.2,ME - Men Elite,11092
5,2024,187,1717,2.2.Stage,UCI.WR.2.Stage,2,23,307,11,2.2,ME - Men Elite,15325
5,2024,129,550,2.2.Stage,UCI.WR.2.Stage,3,19,307,11,2.2,ME - Men Elite,9372
5,2024,117,872,2.2.Stage,UCI.WR.2.Stage,2,29,307,11,2.2,ME - Men Elite,8815
5,2024,127,627,2.2.Stage,UCI.WR.2.Stage,1,5,307,11,2.2,ME - Men Elite,6151
2,2025,103,NULL,2.2.Stage,UCI.WR.2.Stage,0,NULL,268,15,2.2,ME - Men Elite,10273
2,2025,146,NULL,2.2.Stage,UCI.WR.2.Stage,0,NULL,268,15,2.2,ME - Men Elite,12531
2,2025,131,NULL,2.2.Stage,UCI.WR.2.Stage,0,NULL,268,15,2.2,ME - Men Elite,10412
2,2025,156,NULL,2.2.Stage,UCI.WR.2.Stage,0,NULL,268,15,2.2,ME - Men Elite,12757
2,2025,171,NULL,2.2.Stage,UCI.WR.2.Stage,0,NULL,268,15,2.2,ME - Men Elite,17597
2,2025,115,NULL,2.2.Stage,UCI.WR.2.Stage,0,NULL,268,15,2.2,ME - Men Elite,9701
2,2025,108,NULL,2.2.Stage,UCI.WR.2.Stage,0,NULL,268,15,2.2,ME - Men Elite,8010
2,2025,185,NULL,2.2.Stage,UCI.WR.2.Stage,0,NULL,268,15,2.2,ME - Men Elite,13930
2,2025,190,NULL,2.2.Stage,UCI.WR.2.Stage,0,NULL,268,15,2.2,ME - Men Elite,15960
7,2024,130,338,2.2.Stage,UCI.WR.2.Stage,2,1,238,19,2.2,ME - Men Elite,9928
7,2024,148,785,2.2.Stage,UCI.WR.2.Stage,2,2,238,19,2.2,ME - Men Elite,12046
7,2024,167,1114,2.2.Stage,UCI.WR.2.Stage,2,46,238,19,2.2,ME - Men Elite,13734
7,2024,163,2710,2.2.Stage,UCI.WR.2.Stage,5,341,238,19,2.2,ME - Men Elite,16496
6,2024,198,2154,2.2.Stage,UCI.WR.2.Stage,2,45,367,5,2.2,ME - Men Elite,15681
6,2024,164,2122,2.2.Stage,UCI.WR.2.Stage,2,104,367,5,2.2,ME - Men Elite,14397
6,2024,169,2543,2.2.Stage,UCI.WR.2.Stage,5,179,367,5,2.2,ME - Men Elite,15124
6,2024,70,999,2.2.Stage,UCI.WR.2.Stage,1,24,367,5,2.2,ME - Men Elite,5551
6,2024,122,1967,2.2.Stage,UCI.WR.2.Stage,2,85,367,5,2.2,ME - Men Elite,11000
7,2024,138,1380,F-1.1,UCI.WE.1,2,34,57,325,1.1,WE - Women Elite,12546
5,2024,13,215,F-2.2.Stage,UCI.WE.2.Stage,1,14,120,54,2.2,WE - Women Elite,1103
5,2024,109,1864,F-2.2.Stage,UCI.WE.2.Stage,2,93,120,54,2.2,WE - Women Elite,11408
5,2024,111,1510,F-2.2.Stage,UCI.WE.2.Stage,2,58,120,54,2.2,WE - Women Elite,10887
5,2024,115,2189,F-2.2.Stage,UCI.WE.2.Stage,2,122,120,54,2.2,WE - Women Elite,12339
6,2024,206,3821,GT.A.Stage,UCI.WR.GT.A.Stage,4,176,1,1723,2.UWT,ME - Men Elite,18442
7,2024,187,888,GT.A.Stage,UCI.WR.GT.A.Stage,1,6,1,1723,2.UWT,ME - Men Elite,15606
7,2024,211,4177,GT.A.Stage,UCI.WR.GT.A.Stage,5,241,1,1723,2.UWT,ME - Men Elite,17880
7,2024,204,2253,GT.A.Stage,UCI.WR.GT.A.Stage,1,53,1,1723,2.UWT,ME - Men Elite,15435
7,2024,165,1884,GT.A.Stage,UCI.WR.GT.A.Stage,1,53,1,1723,2.UWT,ME - Men Elite,12189
7,2024,152,4050,GT.A.Stage,UCI.WR.GT.A.Stage,5,340,1,1723,2.UWT,ME - Men Elite,14511
7,2024,198,5071,GT.A.Stage,UCI.WR.GT.A.Stage,5,366,1,1723,2.UWT,ME - Men Elite,18835
7,2024,189,1176,GT.A.Stage,UCI.WR.GT.A.Stage,1,15,1,1723,2.UWT,ME - Men Elite,15087
7,2024,178,3091,GT.A.Stage,UCI.WR.GT.A.Stage,3,177,1,1723,2.UWT,ME - Men Elite,14773
7,2024,180,3123,GT.A.Stage,UCI.WR.GT.A.Stage,2,101,1,1723,2.UWT,ME - Men Elite,15020
7,2024,145,4512,GT.A.Stage,UCI.WR.GT.A.Stage,5,275,1,1723,2.UWT,ME - Men Elite,14643
6,2024,199,1859,GT.A.Stage,UCI.WR.GT.A.Stage,2,109,1,1723,2.UWT,ME - Men Elite,17022
7,2024,133,4748,GT.A.Stage,UCI.WR.GT.A.Stage,5,380,1,1723,2.UWT,ME - Men Elite,14662
7,2024,34,720,GT.A.Stage,UCI.WR.GT.A.Stage,4,73,1,1723,2.UWT,ME - Men Elite,2724
7,2024,231,1190,GT.A.Stage,UCI.WR.GT.A.Stage,1,16,1,1723,2.UWT,ME - Men Elite,19608
7,2024,140,3904,GT.A.Stage,UCI.WR.GT.A.Stage,4,187,1,1723,2.UWT,ME - Men Elite,13598
7,2024,177,1126,GT.A.Stage,UCI.WR.GT.A.Stage,1,25,1,1723,2.UWT,ME - Men Elite,14926
7,2024,164,881,GT.A.Stage,UCI.WR.GT.A.Stage,1,7,1,1723,2.UWT,ME - Men Elite,12715
7,2024,25,283,GT.A.Stage,UCI.WR.GT.A.Stage,1,13,1,1723,2.UWT,ME - Men Elite,1732
7,2024,183,2334,GT.A.Stage,UCI.WR.GT.A.Stage,2,63,1,1723,2.UWT,ME - Men Elite,14690
7,2024,199,2012,GT.A.Stage,UCI.WR.GT.A.Stage,2,30,1,1723,2.UWT,ME - Men Elite,15583
8,2024,123,158,F-2.WWT.Stage,UCI.WE.WWT.Stage,1,1,1,1755,2.WWT,WE - Women Elite,10060
8,2024,68,77,F-2.WWT.Stage,UCI.WE.WWT.Stage,1,0,1,1755,2.WWT,WE - Women Elite,5569
8,2024,123,1840,F-2.WWT.Stage,UCI.WE.WWT.Stage,2,109,1,1755,2.WWT,WE - Women Elite,11548
8,2024,153,1820,F-2.WWT.Stage,UCI.WE.WWT.Stage,3,63,1,1755,2.WWT,WE - Women Elite,13611
8,2024,159,2245,F-2.WWT.Stage,UCI.WE.WWT.Stage,2,111,1,1755,2.WWT,WE - Women Elite,14681
8,2024,166,3015,F-2.WWT.Stage,UCI.WE.WWT.Stage,5,167,1,1755,2.WWT,WE - Women Elite,16018
8,2024,150,3748,F-2.WWT.Stage,UCI.WE.WWT.Stage,5,356,1,1755,2.WWT,WE - Women Elite,16454
5,2024,166,232,2.PRO.Stage,UCI.WR.Pro.Stage,1,0,94,225,2.Pro,ME - Men Elite,13968
5,2024,162,983,2.PRO.Stage,UCI.WR.Pro.Stage,2,23,94,225,2.Pro,ME - Men Elite,13511
5,2024,183,2749,2.PRO.Stage,UCI.WR.Pro.Stage,5,130,94,225,2.Pro,ME - Men Elite,16312
5,2024,166,1283,2.PRO.Stage,UCI.WR.Pro.Stage,3,36,94,225,2.Pro,ME - Men Elite,12782
5,2024,173,2245,2.PRO.Stage,UCI.WR.Pro.Stage,3,171,94,225,2.Pro,ME - Men Elite,14007
5,2024,127,2665,2.2.Stage,UCI.WR.2.Stage,2,134,197,29,2.2,ME - Men Elite,10505
5,2024,108,2055,2.2.Stage,UCI.WR.2.Stage,3,119,197,29,2.2,ME - Men Elite,9879
5,2024,104,1619,2.2.Stage,UCI.WR.2.Stage,1,93,197,29,2.2,ME - Men Elite,9103
7,2024,137,1004,2.1.Stage,UCI.WR.1.Stage,1,14,169,82,2.1,ME - Men Elite,11088
7,2024,155,3055,2.1.Stage,UCI.WR.1.Stage,2,199,169,82,2.1,ME - Men Elite,13820
7,2024,153,2606,2.1.Stage,UCI.WR.1.Stage,2,125,169,82,2.1,ME - Men Elite,13461
5,2024,153,1683,2.2.Stage,UCI.WR.2.Stage,2,42,366,5,2.2,ME - Men Elite,11860
5,2024,171,1776,2.2.Stage,UCI.WR.2.Stage,2,58,366,5,2.2,ME - Men Elite,13513
5,2024,164,1836,2.2.Stage,UCI.WR.2.Stage,2,66,366,5,2.2,ME - Men Elite,13877
2,2024,157,1440,2.1.Stage,UCI.WR.1.Stage,2,34,136,144,2.1,ME - Men Elite,12755
2,2024,165,2411,2.1.Stage,UCI.WR.1.Stage,3,81,136,144,2.1,ME - Men Elite,14659
2,2024,183,606,2.1.Stage,UCI.WR.1.Stage,1,5,136,144,2.1,ME - Men Elite,15037
2,2025,169,2615,2.1.Stage,UCI.WR.1.Stage,2,84,113,194,2.1,ME - Men Elite,15150
2,2025,167,2430,2.1.Stage,UCI.WR.1.Stage,3,82,113,194,2.1,ME - Men Elite,14032
2,2025,191,573,2.1.Stage,UCI.WR.1.Stage,1,4,113,194,2.1,ME - Men Elite,14098
8,2024,185,1695,E-2.Ncup.Stage,UCI.WR.Ncup.Avenir.Stage,2,41,185,45,2.Ncup,MU - Men U23,14552
8,2024,170,2141,E-2.Ncup.Stage,UCI.WR.Ncup.Avenir.Stage,2,89,185,45,2.Ncup,MU - Men U23,13831
8,2024,71,2635,E-2.Ncup.Stage,UCI.WR.Ncup.Avenir.Stage,5,294,185,45,2.Ncup,MU - Men U23,8024
8,2024,143,3552,E-2.Ncup.Stage,UCI.WR.Ncup.Avenir.Stage,5,268,185,45,2.Ncup,MU - Men U23,14526
8,2024,119,2157,E-2.Ncup.Stage,UCI.WR.Ncup.Avenir.Stage,4,80,185,45,2.Ncup,MU - Men U23,10423
8,2024,127,2640,E-2.Ncup.Stage,UCI.WR.Ncup.Avenir.Stage,5,415,185,45,2.Ncup,MU - Men U23,12030
8,2024,73,1394,F-2.2.Stage,UCI.WE.2U.Stage,5,219,NULL,140,2.2U,WU - Women U23,7753
8,2024,119,2267,F-2.2.Stage,UCI.WE.2U.Stage,4,96,NULL,140,2.2U,WU - Women U23,13460
8,2024,126,2649,F-2.2.Stage,UCI.WE.2U.Stage,5,406,NULL,140,2.2U,WU - Women U23,14868
3,2024,138,1117,F-2.1.Stage,UCI.WE.1.Stage,3,38,51,358,2.1,WE - Women Elite,12363
3,2024,137,1693,F-2.1.Stage,UCI.WE.1.Stage,3,66,51,358,2.1,WE - Women Elite,11809
3,2024,139,2209,F-2.1.Stage,UCI.WE.1.Stage,2,87,51,358,2.1,WE - Women Elite,13900
8,2024,156,1838,2.WT.Stage,UCI.WR.C2.Stage,3,84,33,595,2.UWT,ME - Men Elite,13033
8,2024,15,461,2.WT.Stage,UCI.WR.C2.Stage,5,54,33,595,2.UWT,ME - Men Elite,1439
8,2024,157,3159,2.WT.Stage,UCI.WR.C2.Stage,3,163,33,595,2.UWT,ME - Men Elite,14601
8,2024,195,1734,2.WT.Stage,UCI.WR.C2.Stage,2,29,33,595,2.UWT,ME - Men Elite,17180
8,2024,188,1634,2.WT.Stage,UCI.WR.C2.Stage,2,22,33,595,2.UWT,ME - Men Elite,14700
8,2024,183,3134,2.WT.Stage,UCI.WR.C2.Stage,3,164,33,595,2.UWT,ME - Men Elite,15966
8,2024,142,1527,2.WT.Stage,UCI.WR.C2.Stage,1,32,33,595,2.UWT,ME - Men Elite,11048
4,2024,166,2631,2.WT.Stage,UCI.WR.C1.Stage,2,120,27,688,2.UWT,ME - Men Elite,13798
4,2024,171,2716,2.WT.Stage,UCI.WR.C1.Stage,5,174,27,688,2.UWT,ME - Men Elite,14564
4,2024,16,282,2.WT.Stage,UCI.WR.C1.Stage,1,23,27,688,2.UWT,ME - Men Elite,1206
4,2024,152,3518,2.WT.Stage,UCI.WR.C1.Stage,5,299,27,688,2.UWT,ME - Men Elite,14763
4,2024,151,1607,2.WT.Stage,UCI.WR.C1.Stage,3,41,27,688,2.UWT,ME - Men Elite,12120
9,2024,134,1763,F-2.WWT.Stage,UCI.WE.WWT.Stage,3,59,15,1026,2.WWT,WE - Women Elite,12555
9,2024,102,1489,F-2.WWT.Stage,UCI.WE.WWT.Stage,5,180,15,1026,2.WWT,WE - Women Elite,10217
9,2024,144,1878,F-2.WWT.Stage,UCI.WE.WWT.Stage,2,74,15,1026,2.WWT,WE - Women Elite,13124
2,2024,166,2655,2.1.Stage,UCI.WR.1.Stage,3,113,121,179,2.1,ME - Men Elite,14137
2,2024,132,2413,2.1.Stage,UCI.WR.1.Stage,2,104,121,179,2.1,ME - Men Elite,11625
10,2024,150,286,2.2.Stage,UCI.WR.2.Stage,1,0,409,2,2.2,ME - Men Elite,11295
10,2024,175,224,2.2.Stage,UCI.WR.2.Stage,1,0,409,2,2.2,ME - Men Elite,13692
10,2024,146,206,2.2.Stage,UCI.WR.2.Stage,1,1,409,2,2.2,ME - Men Elite,11637
12,2024,91,330,2.2.Stage,UCI.WR.2.Stage,1,1,392,3,2.2,ME - Men Elite,7107
12,2024,142,1065,2.2.Stage,UCI.WR.2.Stage,1,13,392,3,2.2,ME - Men Elite,11668
12,2024,128,392,2.2.Stage,UCI.WR.2.Stage,1,0,392,3,2.2,ME - Men Elite,10701
6,2024,177,2147,2.WT.Stage,UCI.WR.C1.Stage,2,77,22,744,2.UWT,ME - Men Elite,12451
6,2024,162,1764,2.WT.Stage,UCI.WR.C1.Stage,3,89,22,744,2.UWT,ME - Men Elite,15021
6,2024,171,3234,2.WT.Stage,UCI.WR.C1.Stage,5,236,22,744,2.UWT,ME - Men Elite,14077
6,2024,149,3071,2.WT.Stage,UCI.WR.C1.Stage,5,254,22,744,2.UWT,ME - Men Elite,3313
6,2024,43,826,2.WT.Stage,UCI.WR.C1.Stage,5,128,22,744,2.UWT,ME - Men Elite,11141
6,2024,118,2978,2.WT.Stage,UCI.WR.C1.Stage,5,265,22,744,2.UWT,ME - Men Elite,2003
6,2024,16,875,2.WT.Stage,UCI.WR.C1.Stage,5,160,22,744,2.UWT,ME - Men Elite,2003
6,2024,59,1423,F-2.WWT.Stage,UCI.WE.WWT.Stage,5,195,24,842,2.WWT,WE - Women Elite,6430
6,2024,16,875,F-2.WWT.Stage,UCI.WE.WWT.Stage,5,160,24,842,2.WWT,WE - Women Elite,2387
6,2024,126,1823,F-2.WWT.Stage,UCI.WE.WWT.Stage,2,81,24,842,2.WWT,WE - Women Elite,11796
6,2024,128,2047,F-2.WWT.Stage,UCI.WE.WWT.Stage,2,60,24,842,2.WWT,WE - Women Elite,11873
3,2024,83,118,2.1.Stage,UCI.WR.1.Stage,1,0,181,49,2.1,ME - Men Elite,5953
3,2024,116,1147,2.1.Stage,UCI.WR.1.Stage,2,79,181,49,2.1,ME - Men Elite,10014
3,2024,154,2241,2.1.Stage,UCI.WR.1.Stage,2,75,181,49,2.1,ME - Men Elite,12766
3,2024,167,2398,2.1.Stage,UCI.WR.1.Stage,2,95,181,49,2.1,ME - Men Elite,14139
3,2024,146,1294,2.1.Stage,UCI.WR.1.Stage,2,27,181,49,2.1,ME - Men Elite,11023
9,2024,147,770,2.2.Stage,UCI.WR.2.Stage,2,9,240,19,2.2,ME - Men Elite,11791
9,2024,198,1397,2.2.Stage,UCI.WR.2.Stage,2,35,240,19,2.2,ME - Men Elite,16283
9,2024,190,1090,2.2.Stage,UCI.WR.2.Stage,1,13,240,19,2.2,ME - Men Elite,14693
7,2024,179,1630,2.PRO.Stage,UCI.WR.Pro.Stage,1,31,89,241,2.Pro,ME - Men Elite,14591
7,2024,188,2300,2.PRO.Stage,UCI.WR.Pro.Stage,3,92,89,241,2.Pro,ME - Men Elite,14663
7,2024,193,3453,2.PRO.Stage,UCI.WR.Pro.Stage,2,220,89,241,2.Pro,ME - Men Elite,17213
7,2024,189,2684,2.PRO.Stage,UCI.WR.Pro.Stage,3,83,89,241,2.Pro,ME - Men Elite,15603
7,2024,192,1811,2.PRO.Stage,UCI.WR.Pro.Stage,1,52,89,241,2.Pro,ME - Men Elite,17268
11,2024,141,NULL,2.2.Stage,UCI.WR.2.Stage,0,NULL,350,7,2.2,ME - Men Elite,12768
11,2024,151,NULL,2.2.Stage,UCI.WR.2.Stage,0,NULL,350,7,2.2,ME - Men Elite,13352
11,2024,142,NULL,2.2.Stage,UCI.WR.2.Stage,0,NULL,350,7,2.2,ME - Men Elite,13414
1,2024,144,1381,2.WT.Stage,UCI.WR.C1.Stage,2,27,51,374,2.UWT,ME - Men Elite,12356
1,2024,142,2269,2.WT.Stage,UCI.WR.C1.Stage,2,103,51,374,2.UWT,ME - Men Elite,12577
1,2024,145,1606,2.WT.Stage,UCI.WR.C1.Stage,2,37,51,374,2.UWT,ME - Men Elite,12042
1,2024,136,575,2.WT.Stage,UCI.WR.C1.Stage,1,9,51,374,2.UWT,ME - Men Elite,10790
1,2024,129,1437,2.WT.Stage,UCI.WR.C1.Stage,3,91,51,374,2.UWT,ME - Men Elite,10343
1,2024,128,2344,2.WT.Stage,UCI.WR.C1.Stage,3,110,51,374,2.UWT,ME - Men Elite,11126
1,2025,151,1595,2.WT.Stage,UCI.WR.C1.Stage,2,36,57,359,2.UWT,ME - Men Elite,12398
1,2025,129,1253,2.WT.Stage,UCI.WR.C1.Stage,2,58,57,359,2.UWT,ME - Men Elite,10882
1,2025,148,2648,2.WT.Stage,UCI.WR.C1.Stage,2,146,57,359,2.UWT,ME - Men Elite,13561
1,2025,157,2027,2.WT.Stage,UCI.WR.C1.Stage,2,74,57,359,2.UWT,ME - Men Elite,14115
1,2025,146,1764,2.WT.Stage,UCI.WR.C1.Stage,3,96,57,359,2.UWT,ME - Men Elite,11822
1,2025,90,627,2.WT.Stage,UCI.WR.C1.Stage,1,12,57,359,2.UWT,ME - Men Elite,6794
4,2024,126,1201,2.2.Stage,UCI.WR.2.Stage,2,18,324,9,2.2,ME - Men Elite,10595
5,2024,156,995,2.2.Stage,UCI.WR.2.Stage,1,5,324,9,2.2,ME - Men Elite,14210
5,2024,114,592,2.2.Stage,UCI.WR.2.Stage,1,5,324,9,2.2,ME - Men Elite,9874
5,2024,97,448,2.2.Stage,UCI.WR.2.Stage,1,7,324,9,2.2,ME - Men Elite,7516
5,2024,154,553,2.2.Stage,UCI.WR.2.Stage,1,4,324,9,2.2,ME - Men Elite,13381
5,2024,127,534,2.2.Stage,UCI.WR.2.Stage,1,2,405,1,2.2,ME - Men Elite,10813
6,2024,103,487,2.2.Stage,UCI.WR.2.Stage,1,2,405,1,2.2,ME - Men Elite,8190
6,2024,99,633,2.2.Stage,UCI.WR.2.Stage,1,2,405,1,2.2,ME - Men Elite,9010
6,2024,80,NULL,2.2.Stage,UCI.WR.2.Stage,3,NULL,405,1,2.2,ME - Men Elite,7084
6,2024,120,NULL,2.2.Stage,UCI.WR.2.Stage,0,NULL,405,1,2.2,ME - Men Elite,10452
6,2024,169,NULL,2.2.Stage,UCI.WR.2.Stage,0,NULL,405,1,2.2,ME - Men Elite,15247
6,2024,101,NULL,2.2.Stage,UCI.WR.2.Stage,0,NULL,405,1,2.2,ME - Men Elite,9090
6,2024,96,NULL,2.2.Stage,UCI.WR.2.Stage,0,NULL,405,1,2.2,ME - Men Elite,7501
6,2024,108,NULL,2.2.Stage,UCI.WR.2.Stage,0,NULL,405,1,2.2,ME - Men Elite,8790
4,2024,179,2903,1.1,UCI.WR.1,3,131,146,127,1.1,ME - Men Elite,15095
5,2024,200,3075,1.1,UCI.WR.1,3,122,127,166,1.1,ME - Men Elite,17742
5,2024,67,1264,,UCI.WR.Ncup.Stage,3,108,NULL,NULL,2.Ncup,WJ - Women Juniors,6738
5,2024,79,1241,,UCI.WR.Ncup.Stage,2,50,NULL,NULL,2.Ncup,WJ - Women Juniors,7957
4,2024,175,2980,1.1,UCI.WR.1,3,222,129,164,1.1,ME - Men Elite,15332
8,2024,174,2634,2.1.Stage,UCI.WR.1.Stage,3,75,96,229,2.1,ME - Men Elite,14083
8,2024,194,2397,2.1.Stage,UCI.WR.1.Stage,2,126,96,229,2.1,ME - Men Elite,16017
8,2024,190,3667,2.1.Stage,UCI.WR.1.Stage,2,182,96,229,2.1,ME - Men Elite,17021
8,2024,161,2257,2.1.Stage,UCI.WR.1.Stage,3,75,96,229,2.1,ME - Men Elite,12924
4,2024,183,996,2.2.Stage,UCI.WR.2.Stage,1,8,224,22,2.2,ME - Men Elite,14416
4,2024,184,1397,2.2.Stage,UCI.WR.2.Stage,1,14,224,22,2.2,ME - Men Elite,14596
4,2024,199,1345,2.2.Stage,UCI.WR.2.Stage,1,25,224,22,2.2,ME - Men Elite,15390
4,2024,121,401,2.2.Stage,UCI.WR.2.Stage,1,0,224,22,2.2,ME - Men Elite,8792
4,2024,90,603,2.2.Stage,UCI.WR.2.Stage,3,24,224,22,2.2,ME - Men Elite,7390
5,2024,144,NULL,2.2.Stage,UCI.WR.2.Stage,0,NULL,659,0,2.2,ME - Men Elite,13558
5,2024,154,NULL,2.2.Stage,UCI.WR.2.Stage,0,NULL,659,0,2.2,ME - Men Elite,14390
5,2024,104,NULL,2.2.Stage,UCI.WR.2.Stage,0,NULL,659,0,2.2,ME - Men Elite,8953
5,2024,90,NULL,2.2.Stage,UCI.WR.2.Stage,0,NULL,659,0,2.2,ME - Men Elite,8504
5,2024,120,NULL,2.2.Stage,UCI.WR.2.Stage,0,NULL,659,0,2.2,ME - Men Elite,11217
5,2024,100,256,2.2.Stage,UCI.WR.2.Stage,1,0,310,10,2.2,ME - Men Elite,8293
6,2024,125,NULL,2.2.Stage,UCI.WR.2.Stage,0,NULL,310,10,2.2,ME - Men Elite,8569
6,2024,131,1358,2.2.Stage,UCI.WR.2.Stage,3,32,310,10,2.2,ME - Men Elite,11224
6,2024,169,1773,2.2.Stage,UCI.WR.2.Stage,2,38,310,10,2.2,ME - Men Elite,15559
6,2024,172,1026,2.2.Stage,UCI.WR.2.Stage,1,5,310,10,2.2,ME - Men Elite,14052
6,2024,151,NULL,2.2.Stage,UCI.WR.2.Stage,0,NULL,310,10,2.2,ME - Men Elite,12620
6,2024,112,NULL,2.2.Stage,UCI.WR.2.Stage,0,NULL,310,10,2.2,ME - Men Elite,8501
6,2024,121,NULL,2.2.Stage,UCI.WR.2.Stage,0,NULL,310,10,2.2,ME - Men Elite,9440
6,2024,147,NULL,2.2.Stage,UCI.WR.2.Stage,0,NULL,310,10,2.2,ME - Men Elite,12781
6,2024,134,NULL,2.2.Stage,UCI.WR.2.Stage,0,NULL,310,10,2.2,ME - Men Elite,11704
8,2024,179,1231,2.1.Stage,UCI.WR.1.Stage,2,21,163,100,2.1,ME - Men Elite,13750
8,2024,182,1558,2.1.Stage,UCI.WR.1.Stage,2,35,163,100,2.1,ME - Men Elite,15260
8,2024,29,146,2.1.Stage,UCI.WR.1.Stage,1,6,163,100,2.1,ME - Men Elite,1883
8,2024,175,1355,2.1.Stage,UCI.WR.1.Stage,3,33,163,100,2.1,ME - Men Elite,13453
2,2024,129,2162,2.1.Stage,UCI.WR.1.Stage,2,136,190,35,2.1,ME - Men Elite,11851
2,2024,140,3385,2.1.Stage,UCI.WR.1.Stage,4,187,190,35,2.1,ME - Men Elite,13601
2,2024,93,2231,2.1.Stage,UCI.WR.1.Stage,4,157,190,35,2.1,ME - Men Elite,8362
2,2024,13,492,2.1.Stage,UCI.WR.1.Stage,3,49,190,35,2.1,ME - Men Elite,1411
2,2024,93,1887,2.1.Stage,UCI.WR.1.Stage,5,132,190,35,2.1,ME - Men Elite,7964
2,2024,158,1804,2.1.Stage,UCI.WR.1.Stage,3,55,190,35,2.1,ME - Men Elite,12597
2,2024,74,1556,2.1.Stage,UCI.WR.1.Stage,3,169,190,35,2.1,ME - Men Elite,6457
5,2024,158,2140,2.2.Stage,UCI.WR.2.Stage,2,73,659,0,2.2,ME - Men Elite,14593
5,2024,151,1160,2.2.Stage,UCI.WR.2.Stage,1,36,659,0,2.2,ME - Men Elite,12628
5,2024,147,506,2.2.Stage,UCI.WR.2.Stage,1,3,659,0,2.2,ME - Men Elite,12372
5,2024,121,2849,2.2.Stage,UCI.WR.2.Stage,5,276,659,0,2.2,ME - Men Elite,12470
5,2024,119,174,2.2.Stage,UCI.WR.2.Stage,1,4,659,0,2.2,ME - Men Elite,9636
2,2024,135,448,2.1.Stage,UCI.WR.1.Stage,1,10,173,86,2.1,ME - Men Elite,10328
2,2024,141,2420,2.1.Stage,UCI.WR.1.Stage,4,108,173,86,2.1,ME - Men Elite,12488
2,2024,133,3084,2.1.Stage,UCI.WR.1.Stage,5,273,173,86,2.1,ME - Men Elite,12783
2,2024,184,2085,2.1.Stage,UCI.WR.1.Stage,2,51,173,86,2.1,ME - Men Elite,15368
9,2024,182,1872,2.PRO.Stage,UCI.WR.Pro.Stage,2,46,108,211,2.Pro,ME - Men Elite,15105
9,2024,152,2178,2.PRO.Stage,UCI.WR.Pro.Stage,2,100,108,211,2.Pro,ME - Men Elite,13045
9,2024,166,2201,2.PRO.Stage,UCI.WR.Pro.Stage,2,83,108,211,2.Pro,ME - Men Elite,13803
9,2024,139,1072,2.PRO.Stage,UCI.WR.Pro.Stage,1,9,108,211,2.Pro,ME - Men Elite,11514
9,2024,150,1306,2.PRO.Stage,UCI.WR.Pro.Stage,1,19,108,211,2.Pro,ME - Men Elite,11529
9,2024,158,828,2.PRO.Stage,UCI.WR.Pro.Stage,1,8,108,211,2.Pro,ME - Men Elite,12138
6,2024,142,1940,F-2.WWT.Stage,UCI.WE.WWT.Stage,2,49,50,369,2.WWT,WE - Women Elite,14658
6,2024,140,1339,F-2.WWT.Stage,UCI.WE.WWT.Stage,2,49,50,369,2.WWT,WE - Women Elite,13032
6,2024,107,611,F-2.WWT.Stage,UCI.WE.WWT.Stage,1,8,50,369,2.WWT,WE - Women Elite,9882
6,2024,99,1238,F-2.WWT.Stage,UCI.WE.WWT.Stage,2,43,50,369,2.WWT,WE - Women Elite,9471
5,2024,193,811,2.1.Stage,UCI.WR.1.Stage,1,10,241,17,2.1,ME - Men Elite,17296
5,2024,165,1126,2.1.Stage,UCI.WR.1.Stage,1,25,241,17,2.1,ME - Men Elite,13615
8,2024,96,575,2.PRO.Stage,UCI.WR.Pro.Stage,1,2,155,113,2.Pro,ME - Men Elite,7364
8,2024,179,1096,2.PRO.Stage,UCI.WR.Pro.Stage,2,31,155,113,2.Pro,ME - Men Elite,14764
8,2024,181,2581,2.PRO.Stage,UCI.WR.Pro.Stage,2,125,155,113,2.Pro,ME - Men Elite,15692
8,2024,151,2253,2.PRO.Stage,UCI.WR.Pro.Stage,2,68,155,113,2.Pro,ME - Men Elite,12819
8,2024,203,2390,2.PRO.Stage,UCI.WR.Pro.Stage,2,65,155,113,2.Pro,ME - Men Elite,16229
5,2024,92,434,2.1.Stage,UCI.WR.1.Stage,2,14,177,56,2.1,ME - Men Elite,7034
5,2024,170,1680,2.1.Stage,UCI.WR.1.Stage,2,26,177,56,2.1,ME - Men Elite,14022
5,2024,158,4206,2.1.Stage,UCI.WR.1.Stage,5,379,177,56,2.1,ME - Men Elite,16301
5,2024,197,1594,2.1.Stage,UCI.WR.1.Stage,2,33,177,56,2.1,ME - Men Elite,16620
5,2024,133,1049,2.1.Stage,UCI.WR.1.Stage,2,9,177,56,2.1,ME - Men Elite,10115
5,2024,104,2089,2.2.Stage,UCI.WR.2.Stage,2,93,188,35,2.2,ME - Men Elite,11452
5,2024,127,1781,2.2.Stage,UCI.WR.2.Stage,3,92,188,35,2.2,ME - Men Elite,11181
5,2024,137,1093,2.2.Stage,UCI.WR.2.Stage,1,17,188,35,2.2,ME - Men Elite,10963
5,2024,121,2311,2.2.Stage,UCI.WR.2.Stage,2,128,188,35,2.2,ME - Men Elite,10963
5,2024,67,2365,2.2.Stage,UCI.WR.2.Stage,5,356,188,35,2.2,ME - Men Elite,8685
5,2024,108,1643,2.2.Stage,UCI.WR.2.Stage,3,52,188,35,2.2,ME - Men Elite,8051
5,2024,104,551,2.2.Stage,UCI.WR.2.Stage,1,12,188,35,2.2,ME - Men Elite,8051
8,2024,193,1956,1.1,UCI.WR.1,2,44,119,180,1.1,ME - Men Elite,16122
5,2024,150,1887,2.2.Stage,UCI.WR.2.Stage,3,141,227,19,2.2,ME - Men Elite,12535
6,2024,148,2330,2.2.Stage,UCI.WR.2.Stage,2,87,227,19,2.2,ME - Men Elite,13505
6,2024,126,1965,2.2.Stage,UCI.WR.2.Stage,5,224,227,19,2.2,ME - Men Elite,10974
4,2024,102,1332,2.2.Stage,UCI.WR.2.Stage,2,120,205,25,2.2,ME - Men Elite,8423
4,2024,153,1424,2.2.Stage,UCI.WR.2.Stage,2,32,205,25,2.2,ME - Men Elite,11932
4,2024,95,3259,2.2.Stage,UCI.WR.2.Stage,5,379,205,25,2.2,ME - Men Elite,11368
4,2024,124,33,2.2.Stage,UCI.WR.2.Stage,1,0,205,25,2.2,ME - Men Elite,8970
5,2024,142,2398,2.PRO.Stage,UCI.WR.Pro.Stage,3,183,123,173,2.Pro,ME - Men Elite,12094
5,2024,205,3450,2.PRO.Stage,UCI.WR.Pro.Stage,3,217,123,173,2.Pro,ME - Men Elite,18069
5,2024,173,1306,2.PRO.Stage,UCI.WR.Pro.Stage,1,18,123,173,2.Pro,ME - Men Elite,14013
5,2024,124,1458,2.PRO.Stage,UCI.WR.Pro.Stage,2,48,123,173,2.Pro,ME - Men Elite,9544
2,2024,182,907,2.PRO.Stage,UCI.WR.Pro.Stage,3,15,99,224,2.Pro,ME - Men Elite,15808
2,2024,170,2140,2.PRO.Stage,UCI.WR.Pro.Stage,3,96,99,224,2.Pro,ME - Men Elite,14644
2,2024,76,567,2.PRO.Stage,UCI.WR.Pro.Stage,3,19,99,224,2.Pro,ME - Men Elite,6474
2,2024,104,1222,2.PRO.Stage,UCI.WR.Pro.Stage,3,114,99,224,2.Pro,ME - Men Elite,8255
2,2024,72,1178,2.PRO.Stage,UCI.WR.Pro.Stage,5,188,99,224,2.Pro,ME - Men Elite,6577
2,2025,178,1779,2.PRO.Stage,UCI.WR.Pro.Stage,2,39,82,285,2.Pro,ME - Men Elite,16039
2,2025,203,1801,2.PRO.Stage,UCI.WR.Pro.Stage,3,123,82,285,2.Pro,ME - Men Elite,17106
2,2025,181,1838,2.PRO.Stage,UCI.WR.Pro.Stage,3,103,82,285,2.Pro,ME - Men Elite,15370
2,2025,182,907,2.PRO.Stage,UCI.WR.Pro.Stage,1,15,82,285,2.Pro,ME - Men Elite,16295
2,2025,139,1706,2.PRO.Stage,UCI.WR.Pro.Stage,5,182,82,285,2.Pro,ME - Men Elite,11595
7,2024,121,476,2.PRO.Stage,UCI.WR.Pro.Stage,1,0,164,99,2.Pro,ME - Men Elite,9052
7,2024,112,1790,2.PRO.Stage,UCI.WR.Pro.Stage,2,72,164,99,2.Pro,ME - Men Elite,9437
7,2024,202,3683,2.PRO.Stage,UCI.WR.Pro.Stage,4,129,164,99,2.Pro,ME - Men Elite,17952
7,2024,136,2430,2.PRO.Stage,UCI.WR.Pro.Stage,2,73,164,99,2.Pro,ME - Men Elite,12511
7,2024,127,1484,2.PRO.Stage,UCI.WR.Pro.Stage,2,31,164,99,2.Pro,ME - Men Elite,10726
7,2024,206,2339,2.PRO.Stage,UCI.WR.Pro.Stage,2,57,164,99,2.Pro,ME - Men Elite,15789
7,2024,169,1537,2.PRO.Stage,UCI.WR.Pro.Stage,2,15,164,99,2.Pro,ME - Men Elite,12764
7,2024,121,1059,2.PRO.Stage,UCI.WR.Pro.Stage,2,27,164,99,2.Pro,ME - Men Elite,8861
5,2024,118,1616,2.2.Stage,UCI.WR.2.Stage,3,78,307,11,2.2,ME - Men Elite,10501
5,2024,136,1123,2.2.Stage,UCI.WR.2.Stage,3,23,307,11,2.2,ME - Men Elite,10791
5,2024,138,1148,2.2.Stage,UCI.WR.2.Stage,3,40,307,11,2.2,ME - Men Elite,11210
1,2024,134,1299,2.2.Stage,UCI.WR.2.Stage,2,73,179,49,2.2,ME - Men Elite,10795
1,2024,138,582,2.2.Stage,UCI.WR.2.Stage,1,3,179,49,2.2,ME - Men Elite,10280
1,2024,126,2154,2.2.Stage,UCI.WR.2.Stage,5,200,179,49,2.2,ME - Men Elite,10935
1,2024,94,549,2.2.Stage,UCI.WR.2.Stage,1,13,179,49,2.2,ME - Men Elite,7001
1,2025,133,1457,2.2.Stage,UCI.WR.2.Stage,3,109,188,46,2.2,ME - Men Elite,11398
1,2025,127,390,2.2.Stage,UCI.WR.2.Stage,1,5,188,46,2.2,ME - Men Elite,9825
1,2025,11,37,2.2.Stage,UCI.WR.2.Stage,1,0,188,46,2.2,ME - Men Elite,804
1,2025,132,2732,2.2.Stage,UCI.WR.2.Stage,5,214,188,46,2.2,ME - Men Elite,11386
1,2025,122,458,2.2.Stage,UCI.WR.2.Stage,1,5,188,46,2.2,ME - Men Elite,9696
6,2024,205,901,2.PRO.Stage,UCI.WR.Pro.Stage,1,21,55,352,2.Pro,ME - Men Elite,16500
6,2024,178,2480,2.PRO.Stage,UCI.WR.Pro.Stage,2,87,55,352,2.Pro,ME - Men Elite,15968
6,2024,161,2771,2.PRO.Stage,UCI.WR.Pro.Stage,2,194,55,352,2.Pro,ME - Men Elite,13579
6,2024,147,2928,2.PRO.Stage,UCI.WR.Pro.Stage,5,299,55,352,2.Pro,ME - Men Elite,14349
6,2024,157,1847,2.PRO.Stage,UCI.WR.Pro.Stage,2,94,55,352,2.Pro,ME - Men Elite,12246
10,2024,103,687,2.PRO.Stage,UCI.WR.Pro.Stage,1,22,183,55,2.Pro,ME - Men Elite,7467
10,2024,79,35,2.PRO.Stage,UCI.WR.Pro.Stage,1,0,183,55,2.Pro,ME - Men Elite,5919
10,2024,117,118,2.PRO.Stage,UCI.WR.Pro.Stage,1,0,183,55,2.Pro,ME - Men Elite,8181
10,2024,117,198,2.PRO.Stage,UCI.WR.Pro.Stage,1,0,183,55,2.Pro,ME - Men Elite,8393
10,2024,114,1179,2.PRO.Stage,UCI.WR.Pro.Stage,1,65,183,55,2.Pro,ME - Men Elite,9197
4,2024,133,2259,2.PRO.Stage,UCI.WR.Pro.Stage,4,185,100,219,2.Pro,ME - Men Elite,11826
4,2024,191,2738,2.PRO.Stage,UCI.WR.Pro.Stage,2,119,100,219,2.Pro,ME - Men Elite,17257
4,2024,125,2287,2.PRO.Stage,UCI.WR.Pro.Stage,4,262,100,219,2.Pro,ME - Men Elite,11771
4,2024,141,4219,2.PRO.Stage,UCI.WR.Pro.Stage,4,323,100,219,2.Pro,ME - Men Elite,14787
4,2024,119,2645,2.PRO.Stage,UCI.WR.Pro.Stage,4,213,100,219,2.Pro,ME - Men Elite,10220
8,2024,130,972,2.2.Stage,UCI.WR.2.Stage,1,7,230,21,2.2,ME - Men Elite,9708
8,2024,90,234,2.2.Stage,UCI.WR.2.Stage,1,0,230,21,2.2,ME - Men Elite,6242
8,2024,90,273,2.2.Stage,UCI.WR.2.Stage,2,5,230,21,2.2,ME - Men Elite,6189
10,2024,109,2088,F-1.PRO,UCI.WE.Pro,2,99,28,689,1.Pro,WE - Women Elite,10498
5,2024,204,1686,1.PRO,UCI.WR.Pro,2,36,74,278,1.Pro,ME - Men Elite,17723
5,2024,117,728,F-1.1,UCI.WE.1,1,3,69,256,1.1,WE - Women Elite,10417
3,2024,146,1619,1.2,UCI.WR.2,3,36,260,16,1.2,ME - Men Elite,11480
2,2024,142,1213,1.2,UCI.WR.2,1,17,310,11,1.2,ME - Men Elite,11260
3,2024,141,2027,F-1.WWT,UCI.WE.WWT,2,82,19,1014,1.WWT,WE - Women Elite,13209
1,2024,158,2904,1.1,UCI.WR.1,2,152,63,315,1.1,ME - Men Elite,13492
1,2024,114,1483,F-1.1,UCI.WE.1,2,99,33,560,1.1,WE - Women Elite,10941
1,2024,150,3153,1.1,UCI.WR.1,2,150,75,292,1.1,ME - Men Elite,13727
1,2025,150,3119,1.1,UCI.WR.1,2,142,74,291,1.1,ME - Men Elite,12891
7,2024,122,1236,1.2,UCI.WR.2,3,28,345,9,1.2,ME - Men Elite,10177
3,2024,74,962,,UCI.WR.J-1.Ncup,2,53,NULL,NULL,1.Ncup,WJ - Women Juniors,7122
1,2024,127,724,F-1.1,UCI.WE.1,1,11,46,384,1.1,WE - Women Elite,11015
2,2024,202,2997,1.PRO,UCI.WR.Pro,2,153,63,311,1.Pro,ME - Men Elite,18699
9,2024,194,2513,1.1,UCI.WR.1,2,86,115,181,1.1,ME - Men Elite,16274
3,2024,107,686,F-1.1,UCI.WE.1,2,38,41,456,1.1,WE - Women Elite,9294
1,2024,138,1632,F-1.1,UCI.WE.1,3,83,33,557,1.1,WE - Women Elite,13577
1,2025,130,1349,F-1.1,UCI.WE.1,3,51,43,490,1.1,WE - Women Elite,12054
1,2024,150,1000,1.1,UCI.WR.1,2,11,110,194,1.1,ME - Men Elite,11351
2,2025,150,1000,1.1,UCI.WR.1,2,10,93,238,1.1,ME - Men Elite,11320
4,2024,179,3238,1.2,UCI.WR.2U,2,158,373,5,1.2U,MU - Men U23,16226
3,2024,112,1252,F-2.2.Stage,UCI.WE.2.Stage,2,50,86,141,2.2,WE - Women Elite,9961
3,2024,72,1177,F-2.2.Stage,UCI.WE.2.Stage,2,82,86,141,2.2,WE - Women Elite,7015
3,2024,88,1169,F-2.2.Stage,UCI.WE.2.Stage,2,52,86,141,2.2,WE - Women Elite,8553
1,2024,154,2430,1.1,UCI.WR.1,2,148,91,259,1.1,ME - Men Elite,12883
1,2025,151,2097,1.1,UCI.WR.1,3,104,56,368,1.1,ME - Men Elite,11826
1,2024,181,1124,1.1,UCI.WR.1,2,12,109,198,1.1,ME - Men Elite,14103
8,2024,167,1344,2.2.Stage,UCI.WR.2.Stage,2,38,269,15,2.2,ME - Men Elite,13873
8,2024,159,2491,2.2.Stage,UCI.WR.2.Stage,5,145,269,15,2.2,ME - Men Elite,14353
8,2024,199,1421,2.2.Stage,UCI.WR.2.Stage,2,26,269,15,2.2,ME - Men Elite,16248
8,2024,189,1599,2.2.Stage,UCI.WR.2.Stage,2,37,269,15,2.2,ME - Men Elite,15991
8,2024,98,428,2.2.Stage,UCI.WR.2.Stage,1,10,269,15,2.2,ME - Men Elite,7332
2,2024,141,1391,2.WT.Stage,UCI.WR.C3.Stage,1,59,36,532,2.UWT,ME - Men Elite,11395
2,2024,12,2,2.WT.Stage,UCI.WR.C3.Stage,1,0,36,532,2.UWT,ME - Men Elite,807
2,2024,176,2029,2.WT.Stage,UCI.WR.C3.Stage,5,179,36,532,2.UWT,ME - Men Elite,15381
2,2024,168,288,2.WT.Stage,UCI.WR.C3.Stage,1,0,36,532,2.UWT,ME - Men Elite,14507
2,2024,182,1043,2.WT.Stage,UCI.WR.C3.Stage,1,8,36,532,2.UWT,ME - Men Elite,14918
2,2024,138,110,2.WT.Stage,UCI.WR.C3.Stage,1,0,36,532,2.UWT,ME - Men Elite,10934
2,2024,161,1267,2.WT.Stage,UCI.WR.C3.Stage,5,165,36,532,2.UWT,ME - Men Elite,13108
2,2025,138,1451,2.WT.Stage,UCI.WR.C3.Stage,1,63,37,567,2.UWT,ME - Men Elite,12694
2,2024,122,217,F-2.WWT.Stage,UCI.WE.WWT.Stage,1,0,24,850,2.WWT,WE - Women Elite,10751
2,2024,113,311,F-2.WWT.Stage,UCI.WE.WWT.Stage,1,0,24,850,2.WWT,WE - Women Elite,8888
2,2024,128,1165,F-2.WWT.Stage,UCI.WE.WWT.Stage,5,161,24,850,2.WWT,WE - Women Elite,12135
2,2024,105,102,F-2.WWT.Stage,UCI.WE.WWT.Stage,1,0,24,850,2.WWT,WE - Women Elite,8853
2,2025,149,266,F-2.WWT.Stage,UCI.WE.WWT.Stage,1,0,13,1099,2.WWT,WE - Women Elite,14257
2,2025,111,452,F-2.WWT.Stage,UCI.WE.WWT.Stage,1,0,13,1099,2.WWT,WE - Women Elite,8255
2,2025,152,1253,F-2.WWT.Stage,UCI.WE.WWT.Stage,5,157,13,1099,2.WWT,WE - Women Elite,14191
2,2025,127,153,F-2.WWT.Stage,UCI.WE.WWT.Stage,1,1,13,1099,2.WWT,WE - Women Elite,11008
2,2024,114,973,F-1.2,UCI.WE.2,1,16,119,36,1.2,WE - Women Elite,10795
5,2024,172,579,1.1,UCI.WR.1,1,15,145,134,1.1,ME - Men Elite,12966
5,2024,172,579,1.1,UCI.WR.1,1,15,145,134,1.1,ME - Men Elite,11727
10,2024,192,2013,1.PRO,UCI.WR.Pro,2,111,74,290,1.Pro,ME - Men Elite,15842
7,2024,191,2125,1.2,UCI.WR.2,3,98,292,13,1.2,ME - Men Elite,16314
7,2024,173,1419,1.2,UCI.WR.2,2,19,280,14,1.2,ME - Men Elite,12988
7,2024,139,2288,1.2,UCI.WR.2,2,183,425,2,1.2,ME - Men Elite,12675
7,2024,139,1241,1.2,UCI.WR.2,3,47,425,2,1.2,ME - Men Elite,11037
1,2024,167,2374,2.PRO.Stage,UCI.WR.Pro.Stage,2,105,56,349,2.Pro,ME - Men Elite,14674
2,2024,163,1827,2.PRO.Stage,UCI.WR.Pro.Stage,2,56,56,349,2.Pro,ME - Men Elite,13667
2,2024,161,1393,2.PRO.Stage,UCI.WR.Pro.Stage,2,30,56,349,2.Pro,ME - Men Elite,13324
2,2024,160,3328,2.PRO.Stage,UCI.WR.Pro.Stage,3,231,56,349,2.Pro,ME - Men Elite,14901
2,2024,93,1161,2.PRO.Stage,UCI.WR.Pro.Stage,2,84,56,349,2.Pro,ME - Men Elite,7698
2,2025,166,3312,2.PRO.Stage,UCI.WR.Pro.Stage,5,267,38,499,2.Pro,ME - Men Elite,14874
2,2025,180,2997,2.PRO.Stage,UCI.WR.Pro.Stage,5,156,38,499,2.Pro,ME - Men Elite,15975
2,2025,181,3598,2.PRO.Stage,UCI.WR.Pro.Stage,3,131,38,499,2.Pro,ME - Men Elite,17609
2,2025,104,87,2.PRO.Stage,UCI.WR.Pro.Stage,1,0,38,499,2.Pro,ME - Men Elite,7792
2,2024,93,1161,F-1.1,UCI.WE.1,2,84,52,324,1.1,WE - Women Elite,8657
3,2024,168,1493,2.2.Stage,UCI.WR.2.Stage,3,31,233,20,2.2,ME - Men Elite,14187
3,2024,181,1531,2.2.Stage,UCI.WR.2.Stage,2,38,233,20,2.2,ME - Men Elite,15548
3,2024,168,1763,2.2.Stage,UCI.WR.2.Stage,2,36,233,20,2.2,ME - Men Elite,14956
3,2024,148,2403,2.2.Stage,UCI.WR.2.Stage,3,123,233,20,2.2,ME - Men Elite,13366
3,2024,188,1675,2.2.Stage,UCI.WR.2.Stage,3,22,233,20,2.2,ME - Men Elite,15327
2,2024,201,2184,2.PRO.Stage,UCI.WR.Pro.Stage,1,43,29,661,2.Pro,ME - Men Elite,17524
2,2024,172,3162,2.PRO.Stage,UCI.WR.Pro.Stage,5,204,29,661,2.Pro,ME - Men Elite,16820
2,2024,192,2572,2.PRO.Stage,UCI.WR.Pro.Stage,1,59,29,661,2.Pro,ME - Men Elite,17457
2,2024,22,322,2.PRO.Stage,UCI.WR.Pro.Stage,2,24,29,661,2.Pro,ME - Men Elite,1629
2,2024,166,2987,2.PRO.Stage,UCI.WR.Pro.Stage,3,201,29,661,2.Pro,ME - Men Elite,14135
8,2024,182,2313,2.1.Stage,UCI.WR.1.Stage,3,74,187,38,2.1,ME - Men Elite,2076
8,2024,171,3823,2.1.Stage,UCI.WR.1.Stage,5,256,187,38,2.1,ME - Men Elite,15910
8,2024,27,369,2.1.Stage,UCI.WR.1.Stage,2,24,187,38,2.1,ME - Men Elite,2076
7,2024,158,2675,2.1.Stage,UCI.WR.1.Stage,5,241,187,38,2.1,ME - Men Elite,13740
7,2024,165,1027,2.1.Stage,UCI.WR.1.Stage,3,11,187,38,2.1,ME - Men Elite,15010
7,2024,161,3146,2.1.Stage,UCI.WR.1.Stage,5,279,187,38,2.1,ME - Men Elite,15206
7,2024,165,2947,2.1.Stage,UCI.WR.1.Stage,3,169,187,38,2.1,ME - Men Elite,15206
7,2024,177,2730,2.1.Stage,UCI.WR.1.Stage,3,89,187,38,2.1,ME - Men Elite,13149
7,2024,169,2621,2.1.Stage,UCI.WR.1.Stage,4,130,187,38,2.1,ME - Men Elite,15845
8,2024,160,2387,2.1.Stage,UCI.WR.1.Stage,2,96,187,38,2.1,ME - Men Elite,15910
3,2024,174,2677,2.WT.Stage,UCI.WR.C2.Stage,2,118,27,705,2.UWT,ME - Men Elite,15098
3,2024,187,3470,2.WT.Stage,UCI.WR.C2.Stage,5,247,27,705,2.UWT,ME - Men Elite,17557
3,2024,177,3958,2.WT.Stage,UCI.WR.C2.Stage,5,310,27,705,2.UWT,ME - Men Elite,16465
3,2024,169,1346,2.WT.Stage,UCI.WR.C2.Stage,2,24,27,705,2.UWT,ME - Men Elite,13219
3,2024,167,2243,2.WT.Stage,UCI.WR.C2.Stage,2,85,27,705,2.UWT,ME - Men Elite,12965
3,2024,155,4075,2.WT.Stage,UCI.WR.C2.Stage,5,316,27,705,2.UWT,ME - Men Elite,15113
3,2024,145,2060,2.WT.Stage,UCI.WR.C2.Stage,2,165,27,705,2.UWT,ME - Men Elite,11723
3,2024,191,2979,1.1,UCI.WR.1,2,100,174,76,1.1,ME - Men Elite,16313
4,2024,179,3949,2.1.Stage,UCI.WR.1.Stage,4,239,170,86,2.1,ME - Men Elite,17174
4,2024,200,2703,2.1.Stage,UCI.WR.1.Stage,2,93,170,86,2.1,ME - Men Elite,17418
4,2024,140,1702,2.1.Stage,UCI.WR.1.Stage,2,122,170,86,2.1,ME - Men Elite,12172
8,2024,168,1640,2.PRO.Stage,UCI.WR.Pro.Stage,2,43,91,237,2.Pro,ME - Men Elite,14546
8,2024,161,2331,2.PRO.Stage,UCI.WR.Pro.Stage,3,78,91,237,2.Pro,ME - Men Elite,14383
8,2024,138,2428,2.PRO.Stage,UCI.WR.Pro.Stage,5,217,91,237,2.Pro,ME - Men Elite,12125
8,2024,19,87,2.PRO.Stage,UCI.WR.Pro.Stage,1,0,91,237,2.Pro,ME - Men Elite,1191
8,2024,156,1705,2.PRO.Stage,UCI.WR.Pro.Stage,2,55,91,237,2.Pro,ME - Men Elite,12268
5,2024,123,1134,F-2.WWT.Stage,UCI.WE.WWT.Stage,2,34,21,889,2.WWT,WE - Women Elite,10953
5,2024,123,1249,F-2.WWT.Stage,UCI.WE.WWT.Stage,3,63,21,889,2.WWT,WE - Women Elite,11123
5,2024,122,1002,F-2.WWT.Stage,UCI.WE.WWT.Stage,1,33,21,889,2.WWT,WE - Women Elite,10461
5,2024,122,1776,F-2.WWT.Stage,UCI.WE.WWT.Stage,4,113,21,889,2.WWT,WE - Women Elite,11864
7,2024,200,1461,1.1,UCI.WR.1,3,41,136,147,1.1,ME - Men Elite,16435
8,2024,102,511,F-2.2.Stage,UCI.WE.2.Stage,1,8,130,55,2.2,WE - Women Elite,9565
8,2024,128,722,F-2.2.Stage,UCI.WE.2.Stage,1,10,130,55,2.2,WE - Women Elite,13059
8,2024,108,996,F-2.2.Stage,UCI.WE.2.Stage,3,152,130,55,2.2,WE - Women Elite,11460
8,2024,134,481,F-2.2.Stage,UCI.WE.2.Stage,1,3,130,55,2.2,WE - Women Elite,12556
8,2024,121,1359,F-2.2.Stage,UCI.WE.2.Stage,4,147,130,55,2.2,WE - Women Elite,12626
8,2024,28,67,F-2.2.Stage,UCI.WE.2.Stage,1,0,130,55,2.2,WE - Women Elite,2255
8,2024,102,511,F-2.2.Stage,UCI.WE.2.Stage,1,8,130,55,2.2,WE - Women Elite,9565
8,2024,128,722,F-2.2.Stage,UCI.WE.2.Stage,1,10,130,55,2.2,WE - Women Elite,13059
8,2024,108,996,F-2.2.Stage,UCI.WE.2.Stage,3,152,130,55,2.2,WE - Women Elite,11460
8,2024,134,481,F-2.2.Stage,UCI.WE.2.Stage,1,3,130,55,2.2,WE - Women Elite,12556
8,2024,121,1359,F-2.2.Stage,UCI.WE.2.Stage,4,147,130,55,2.2,WE - Women Elite,12626
8,2024,28,67,F-2.2.Stage,UCI.WE.2.Stage,1,0,130,55,2.2,WE - Women Elite,2255
10,2024,158,2464,2.2.Stage,UCI.WR.2.Stage,5,132,294,12,2.2,ME - Men Elite,14123
11,2024,130,1648,2.2.Stage,UCI.WR.2.Stage,2,57,294,12,2.2,ME - Men Elite,10403
10,2024,107,2615,2.2.Stage,UCI.WR.2.Stage,5,237,294,12,2.2,ME - Men Elite,11015
10,2024,114,1659,2.2.Stage,UCI.WR.2.Stage,5,149,294,12,2.2,ME - Men Elite,10522
10,2024,118,1409,2.2.Stage,UCI.WR.2.Stage,3,62,294,12,2.2,ME - Men Elite,10027
10,2024,157,3518,2.2.Stage,UCI.WR.2.Stage,5,241,294,12,2.2,ME - Men Elite,16671
10,2024,120,1856,2.2.Stage,UCI.WR.2.Stage,2,127,294,12,2.2,ME - Men Elite,10144
10,2024,131,2786,2.2.Stage,UCI.WR.2.Stage,2,108,294,12,2.2,ME - Men Elite,12483
11,2024,121,908,2.2.Stage,UCI.WR.2.Stage,3,9,294,12,2.2,ME - Men Elite,9724
11,2024,15,508,2.2.Stage,UCI.WR.2.Stage,3,83,294,12,2.2,ME - Men Elite,1673
11,2024,158,1625,2.2.Stage,UCI.WR.2.Stage,1,76,395,3,2.2,ME - Men Elite,11866
11,2024,189,496,2.2.Stage,UCI.WR.2.Stage,1,1,395,3,2.2,ME - Men Elite,16704
11,2024,85,1478,2.2.Stage,UCI.WR.2.Stage,1,82,395,3,2.2,ME - Men Elite,7124
11,2024,130,1024,2.2.Stage,UCI.WR.2.Stage,1,11,395,3,2.2,ME - Men Elite,10808
11,2024,153,2307,2.2.Stage,UCI.WR.2.Stage,4,84,395,3,2.2,ME - Men Elite,14169
11,2024,187,2954,2.2.Stage,UCI.WR.2.Stage,5,162,395,3,2.2,ME - Men Elite,17974
11,2024,160,3535,2.2.Stage,UCI.WR.2.Stage,5,276,395,3,2.2,ME - Men Elite,16782
1,2024,150,1733,2.2.Stage,UCI.WR.2.Stage,2,34,338,8,2.2,ME - Men Elite,12974
1,2024,142,1743,2.2.Stage,UCI.WR.2.Stage,3,91,338,8,2.2,ME - Men Elite,11481
1,2024,126,703,2.2.Stage,UCI.WR.2.Stage,1,10,338,8,2.2,ME - Men Elite,10051
1,2024,121,2627,2.2.Stage,UCI.WR.2.Stage,3,193,338,8,2.2,ME - Men Elite,9700
1,2024,134,2226,2.2.Stage,UCI.WR.2.Stage,5,209,338,8,2.2,ME - Men Elite,12260
1,2024,130,2153,2.2.Stage,UCI.WR.2.Stage,2,148,338,8,2.2,ME - Men Elite,11808
1,2024,141,1954,2.2.Stage,UCI.WR.2.Stage,3,210,338,8,2.2,ME - Men Elite,14194
1,2024,117,1780,2.2.Stage,UCI.WR.2.Stage,2,81,338,8,2.2,ME - Men Elite,10254
1,2025,151,1798,2.2.Stage,UCI.WR.2.Stage,1,33,438,0,2.2,ME - Men Elite,13443
1,2025,158,1111,2.2.Stage,UCI.WR.2.Stage,1,22,438,0,2.2,ME - Men Elite,13088
1,2025,136,670,2.2.Stage,UCI.WR.2.Stage,1,4,438,0,2.2,ME - Men Elite,10888
1,2025,113,1297,2.2.Stage,UCI.WR.2.Stage,3,80,438,0,2.2,ME - Men Elite,10338
1,2025,163,2535,2.2.Stage,UCI.WR.2.Stage,5,165,438,0,2.2,ME - Men Elite,14954
1,2025,194,2677,2.2.Stage,UCI.WR.2.Stage,5,221,438,0,2.2,ME - Men Elite,17625
1,2025,151,2552,2.2.Stage,UCI.WR.2.Stage,5,203,438,0,2.2,ME - Men Elite,14594
1,2025,117,1780,2.2.Stage,UCI.WR.2.Stage,2,81,438,0,2.2,ME - Men Elite,9755
8,2024,12,55,GT.B.Stage,UCI.WR.GT.B.Stage,1,1,12,916,2.UWT,ME - Men Elite,755
8,2024,160,3074,GT.B.Stage,UCI.WR.GT.B.Stage,4,178,12,916,2.UWT,ME - Men Elite,13847
8,2024,164,2890,GT.B.Stage,UCI.WR.GT.B.Stage,2,148,12,916,2.UWT,ME - Men Elite,13492
8,2024,138,3088,GT.B.Stage,UCI.WR.GT.B.Stage,5,174,12,916,2.UWT,ME - Men Elite,12972
8,2024,176,3708,GT.B.Stage,UCI.WR.GT.B.Stage,5,299,12,916,2.UWT,ME - Men Elite,15591
8,2024,201,2876,GT.B.Stage,UCI.WR.GT.B.Stage,4,100,12,916,2.UWT,ME - Men Elite,15694
9,2024,143,3804,GT.B.Stage,UCI.WR.GT.B.Stage,5,372,12,916,2.UWT,ME - Men Elite,13551
9,2024,182,4085,GT.B.Stage,UCI.WR.GT.B.Stage,5,347,12,916,2.UWT,ME - Men Elite,17086
9,2024,142,2498,GT.B.Stage,UCI.WR.GT.B.Stage,2,107,12,916,2.UWT,ME - Men Elite,12734
9,2024,180,2699,GT.B.Stage,UCI.WR.GT.B.Stage,2,139,12,916,2.UWT,ME - Men Elite,14452
9,2024,165,2601,GT.B.Stage,UCI.WR.GT.B.Stage,5,217,12,916,2.UWT,ME - Men Elite,14095
8,2024,194,2678,GT.B.Stage,UCI.WR.GT.B.Stage,2,86,12,916,2.UWT,ME - Men Elite,18775
9,2024,172,5077,GT.B.Stage,UCI.WR.GT.B.Stage,5,340,12,916,2.UWT,ME - Men Elite,16717
9,2024,25,190,GT.B.Stage,UCI.WR.GT.B.Stage,1,6,12,916,2.UWT,ME - Men Elite,1588
8,2024,191,2620,GT.B.Stage,UCI.WR.GT.B.Stage,2,58,12,916,2.UWT,ME - Men Elite,16842
8,2024,171,3519,GT.B.Stage,UCI.WR.GT.B.Stage,5,238,12,916,2.UWT,ME - Men Elite,16009
8,2024,177,1691,GT.B.Stage,UCI.WR.GT.B.Stage,1,32,12,916,2.UWT,ME - Men Elite,15928
8,2024,186,3711,GT.B.Stage,UCI.WR.GT.B.Stage,5,170,12,916,2.UWT,ME - Men Elite,16092
8,2024,181,1943,GT.B.Stage,UCI.WR.GT.B.Stage,2,78,12,916,2.UWT,ME - Men Elite,15339
8,2024,159,2641,GT.B.Stage,UCI.WR.GT.B.Stage,3,145,12,916,2.UWT,ME - Men Elite,13114
8,2024,179,4486,GT.B.Stage,UCI.WR.GT.B.Stage,4,305,12,916,2.UWT,ME - Men Elite,16948
2,2024,199,2454,1.1,UCI.WR.1,4,88,59,324,1.1,ME - Men Elite,17517
2,2025,200,2400,1.1,UCI.WR.1,4,90,114,192,1.1,ME - Men Elite,16689
5,2024,115,2714,F-2.1.Stage,UCI.WE.1.Stage,2,191,65,262,2.1,WE - Women Elite,12979
5,2024,149,2072,F-2.1.Stage,UCI.WE.1.Stage,3,41,65,262,2.1,WE - Women Elite,14678
5,2024,78,1575,F-2.1.Stage,UCI.WE.1.Stage,2,115,65,262,2.1,WE - Women Elite,8326
6,2024,100,1536,F-2.1.Stage,UCI.WE.1.Stage,2,88,65,262,2.1,WE - Women Elite,9906
10,2024,109,1888,2.2.Stage,UCI.WR.2.Stage,3,79,385,4,2.2,ME - Men Elite,8275
10,2024,117,2306,2.2.Stage,UCI.WR.2.Stage,2,96,385,4,2.2,ME - Men Elite,10677
10,2024,205,1804,2.2.Stage,UCI.WR.2.Stage,1,34,385,4,2.2,ME - Men Elite,17609
10,2024,25,194,2.2.Stage,UCI.WR.2.Stage,1,12,385,4,2.2,ME - Men Elite,1723
10,2024,135,1688,2.2.Stage,UCI.WR.2.Stage,5,177,385,4,2.2,ME - Men Elite,12045
10,2024,120,1239,2.2.Stage,UCI.WR.2.Stage,1,11,385,4,2.2,ME - Men Elite,10675
10,2024,160,1689,2.2.Stage,UCI.WR.2.Stage,1,13,385,4,2.2,ME - Men Elite,11767
10,2024,76,178,2.2.Stage,UCI.WR.2.Stage,1,0,385,4,2.2,ME - Men Elite,6046
12,2024,198,2080,2.2.Stage,UCI.WR.2.Stage,2,36,302,11,2.2,ME - Men Elite,16739
12,2024,99,1460,2.2.Stage,UCI.WR.2.Stage,2,73,302,11,2.2,ME - Men Elite,9079
12,2024,215,2168,2.2.Stage,UCI.WR.2.Stage,3,105,302,11,2.2,ME - Men Elite,20504
12,2024,223,3487,2.2.Stage,UCI.WR.2.Stage,4,213,302,11,2.2,ME - Men Elite,21745
12,2024,102,711,2.2.Stage,UCI.WR.2.Stage,1,13,302,11,2.2,ME - Men Elite,8258
12,2024,188,1674,2.2.Stage,UCI.WR.2.Stage,2,45,302,11,2.2,ME - Men Elite,15144
12,2024,32,1479,2.2.Stage,UCI.WR.2.Stage,4,219,302,11,2.2,ME - Men Elite,4335
12,2024,137,1509,2.2.Stage,UCI.WR.2.Stage,1,56,302,11,2.2,ME - Men Elite,11301
12,2024,119,3192,2.2.Stage,UCI.WR.2.Stage,4,104,302,11,2.2,ME - Men Elite,12517
12,2024,107,2565,2.2.Stage,UCI.WR.2.Stage,4,262,302,11,2.2,ME - Men Elite,10538
3,2024,92,1051,F-2.2.Stage,UCI.WE.2.Stage,3,36,81,163,2.2,WE - Women Elite,8840
3,2024,96,1467,F-2.2.Stage,UCI.WE.2.Stage,5,85,81,163,2.2,WE - Women Elite,8570
3,2024,17,108,F-2.2.Stage,UCI.WE.2.Stage,1,2,81,163,2.2,WE - Women Elite,1369
3,2024,83,669,F-2.2.Stage,UCI.WE.2.Stage,1,17,119,46,2.2,WE - Women Elite,8338
3,2024,110,1958,F-2.2.Stage,UCI.WE.2.Stage,2,121,119,46,2.2,WE - Women Elite,11804
3,2024,118,744,F-2.2.Stage,UCI.WE.2.Stage,2,27,119,46,2.2,WE - Women Elite,11113
3,2024,75,180,F-2.2.Stage,UCI.WE.2.Stage,1,0,119,46,2.2,WE - Women Elite,6650
10,2024,103,881,F-2.2.Stage,UCI.WE.2.Stage,1,33,144,34,2.2,WE - Women Elite,10905
10,2024,118,1838,F-2.2.Stage,UCI.WE.2.Stage,3,60,144,34,2.2,WE - Women Elite,13089
10,2024,73,2793,F-2.2.Stage,UCI.WE.2.Stage,5,358,144,34,2.2,WE - Women Elite,11792
10,2024,83,1081,F-2.2.Stage,UCI.WE.2.Stage,3,45,144,34,2.2,WE - Women Elite,8865
1,2024,121,1497,F-1.1,UCI.WE.1,3,95,62,290,1.1,WE - Women Elite,12690
1,2025,90,1436,F-1.PRO,UCI.WE.Pro,1,60,37,550,1.Pro,WE - Women Elite,7439
9,2024,274,4291,Worlds.RR,UCI.WR.WO,2,159,2,1479,WC,ME - Men Elite,23284
9,2024,274,4291,Worlds.RR,UCI.WR.WO,2,159,2,1479,WC,ME - Men Elite,14726
3,2024,172,544,1.2,UCI.WR.2U,1,7,328,9,1.2U,MU - Men U23,14298
6,2024,15,18,2.1.Stage,UCI.WR.1.Stage,1,0,171,68,2.1,ME - Men Elite,1036
6,2024,194,197,2.1.Stage,UCI.WR.1.Stage,1,0,171,68,2.1,ME - Men Elite,15484
6,2024,179,379,2.1.Stage,UCI.WR.1.Stage,1,0,171,68,2.1,ME - Men Elite,14066
6,2024,197,330,2.1.Stage,UCI.WR.1.Stage,1,2,171,68,2.1,ME - Men Elite,15266
6,2024,159,169,2.1.Stage,UCI.WR.1.Stage,1,0,171,68,2.1,ME - Men Elite,11678
